cycle_id,size,weight,id,harvested_at,status
15308,119.78,481.2,15542,1/3/2023,Partial
15308,119.78,65.54,15543,1/3/2023,Partial
15308,63.42,111.66,15919,1/21/2023,Partial
15308,113.57,180.09,15920,1/21/2023,Partial
15308,113.57,346.57,15921,1/21/2023,Partial
15308,101.81,825.3,16166,2/2/2023,Full
15308,53.77,216.15,16167,2/2/2023,Full
15308,53.77,125.86,16168,2/2/2023,Full
18918,75.62,551.4,5905,6/18/2021,Partial
18918,75.62,0.5,5906,6/18/2021,Partial
18918,58.61,602.81,6000,6/30/2021,Partial
18918,58.61,2.66,6001,6/30/2021,Partial
18918,50,637.13,6002,7/8/2021,Partial
18918,50,4.8,6003,7/8/2021,Partial
18918,37.311,3131.6,6439,7/28/2021,Full
18918,37.311,58.29,6440,7/28/2021,Full
17721,61,315.93,19432,5/30/2023,Full
12359,94,304.23,15017,12/10/2022,Partial
12359,94,8.44,15018,12/10/2022,Partial
12359,79,973.75,15561,12/19/2022,Partial
12359,79,16.75,15562,12/19/2022,Partial
12359,94,304.23,15996,12/11/2022,Partial
12359,94,8.44,15997,12/11/2022,Partial
12359,39,3797.59,16250,1/31/2023,Full
12359,39,10,16251,1/31/2023,Full
12359,39,3,16252,1/31/2023,Full
12359,67.5,103.86,16253,1/31/2023,Full
12359,67.5,6,16254,1/31/2023,Full
12359,39,53.63,16255,1/31/2023,Full
12359,39,2.6,16256,1/31/2023,Full
14822,93.55,377.85,12479,7/19/2022,Partial
14822,71.59,383.87,12480,8/1/2022,Partial
14822,60,2416.24,12481,8/13/2022,Full
16064,50,2.56,11621,7/4/2022,Full
20151,133,391.28,15654,1/8/2023,Partial
20151,192,30,15698,1/8/2023,Partial
20151,192,3,15762,1/8/2023,Partial
20151,102,554.04,15808,1/16/2023,Partial
20151,102,478.88,15860,1/16/2023,Partial
20151,180,75.16,15981,1/16/2023,Partial
20151,73.5,891.84,16292,2/10/2023,Full
20151,73.5,31.46,16293,2/10/2023,Full
20151,190,29,16315,2/10/2023,Full
20151,190,6.44,16319,2/10/2023,Full
20151,190,2,16320,2/10/2023,Full
20151,190,2.78,16321,2/10/2023,Full
20151,190,5,16322,2/10/2023,Full
20151,190,1.5,16323,2/10/2023,Full
20151,190,17.22,16324,2/10/2023,Full
17633,82.09,117.11,9388,1/9/2022,Full
17741,96.6,244.8,11156,6/18/2022,Partial
17741,96.6,8.76,11164,6/18/2022,Partial
17741,37.8,841.87,12156,7/25/2022,Full
17741,37,13.9,12157,7/25/2022,Full
20837,141,1062.73,15567,1/6/2023,Full
20837,141,104.82,15568,1/6/2023,Full
20837,141,82.26,15569,1/6/2023,Full
20259,130,222.6,16610,3/7/2023,Partial
20259,91.2,413.55,16902,3/21/2023,Partial
20259,68.4,494.74,17201,4/4/2023,Partial
20259,54.48,410.92,17496,4/15/2023,Partial
20259,41.8,2464.66,17857,5/3/2023,Full
15778,160,666.8,12872,8/28/2022,Full
15067,350,84,16923,3/24/2023,Partial
15067,350,173,17097,4/2/2023,Full
16636,165,100,16426,2/19/2023,Partial
16636,130,30,16554,2/25/2023,Partial
16636,120,515,16555,2/27/2023,Full
19318,98,800,13132,9/3/2022,Full
12491,50,4600,12813,7/20/2022,Failed
16513,139.24,573.24,15536,1/3/2023,Partial
16513,139.24,1.88,15537,1/3/2023,Partial
16513,102.31,745.6,15928,1/22/2023,Partial
16513,102.31,25.45,15929,1/22/2023,Partial
16513,89.24,973.03,16177,2/1/2023,Full
16513,98.44,38.89,16178,2/1/2023,Full
20294,103,215,17826,5/9/2023,Full
15017,296.8,0.4,10446,4/9/2022,Partial
15017,170.3,1.42,10447,4/16/2022,Partial
15017,126.4,1.52,10448,4/23/2022,Partial
15017,79.9,2071.72,10644,5/12/2022,Full
15017,102.8,597.4,10670,5/4/2022,Partial
17437,77,447.62,13521,10/3/2022,
17437,77,64.58,13522,10/3/2022,
17437,79,643.42,13884,10/15/2022,Full
17437,77,447.62,13948,10/3/2022,Partial
17437,79,38.2,13949,10/15/2022,Full
17437,58,33.68,13950,10/15/2022,Full
17437,58,571.54,13959,10/15/2022,Full
17437,77,64.58,14097,10/3/2022,Partial
17437,58,571.54,14109,10/15/2022,Full
17437,79,38.2,14110,10/15/2022,Full
17437,79,33.68,14111,10/15/2022,
17437,58,571.74,14498,10/15/2022,
17437,79,38.2,14499,10/15/2022,
17437,58,33.68,14500,10/15/2022,Full
21019,158.36,737.01,12075,7/23/2022,Full
21019,158.36,9.58,12076,7/23/2022,Full
17882,210,240,19619,7/11/2023,Full
16961,230,42,10259,2/23/2021,Partial
16961,185,153,10260,3/6/2021,Full
16626,450,95,17592,4/26/2023,Full
9104,88,72,10937,6/2/2022,Full
16666,138,1,5473,6/11/2021,Partial
16666,138,256.85,5474,6/11/2021,Partial
16666,92.83,508.47,5984,6/27/2021,Partial
16666,92.83,0.66,5985,6/27/2021,Partial
16666,71,611.23,6048,7/9/2021,Partial
16666,71,4.69,6049,7/9/2021,Partial
16666,54.276,2306.2,6429,7/30/2021,Full
16666,54.276,0,6430,7/30/2021,Full
15511,304,262.46,11312,6/30/2022,Full
9097,250,97.54,9031,11/27/2021,Partial
9097,210,89.39,9032,12/7/2021,Partial
9097,136,85.53,9033,1/5/2022,Full
17832,140,70,13124,9/13/2022,Full
14437,20.4,3759,15837,1/18/2023,Full
21023,88,8555,18671,4/2/2023,Full
20742,60.2,1549.31,15486,1/2/2023,Full
20742,150,80.11,15487,1/2/2023,Full
20742,60.2,15,15489,1/2/2023,Full
20742,60.2,127,15495,1/2/2023,Full
19685,51.08,166.18,15291,12/21/2022,Full
16331,300,17,11588,6/23/2022,Full
17639,57,488.11,10119,4/6/2022,Partial
17639,42,13.5,10343,4/23/2022,Partial
17639,42,743.7,10463,4/23/2022,Partial
17639,42,31,10464,4/23/2022,Partial
17639,57,27.65,10477,4/6/2022,Partial
17639,30,1888.9,10609,5/9/2022,Full
17639,50,55.15,10610,5/9/2022,Full
17639,30,12,10611,5/9/2022,Full
17639,30,11,10613,5/9/2022,Full
15493,350,110,17134,4/4/2023,Full
19303,17.5,3078,14947,12/8/2022,Full
18827,153,15,19643,7/2/2023,Full
19471,96,3000,18415,6/4/2023,Full
15789,190,300,11383,6/21/2022,Full
15789,190,288.71,12603,6/21/2022,Full
15789,200,90,12604,6/21/2022,Full
20671,177,136.8,16639,3/12/2023,Partial
20671,177,136.8,16686,3/12/2023,
20671,140,61.8,16921,3/26/2023,Partial
20671,177,136.8,16974,3/12/2023,
20671,140,61.8,16975,3/26/2023,
20671,177,136.8,17558,3/12/2023,Partial
20671,140,61.8,17560,3/26/2023,Partial
20671,95,534.05,17565,4/17/2023,Full
20671,95,12.8,17566,4/17/2023,Full
18754,130,370,10302,4/16/2022,Partial
18754,128,284,10303,4/18/2022,Full
15836,22.2,3740,18859,6/20/2023,Full
23531,166,816,14468,11/11/2022,Partial
20246,100,272.5,16636,3/12/2023,Partial
20246,71,251.55,16919,3/26/2023,Partial
20246,56,235.85,17176,4/6/2023,Partial
20246,48,892.72,17500,4/17/2023,Full
20246,48,122.87,17501,4/17/2023,Full
21834,210,160,17877,5/10/2023,Partial
21834,110,170,18104,5/21/2023,Full
19855,284,0.41,10440,4/9/2022,Partial
19855,163.1,1.23,10441,4/16/2022,Partial
19855,125.4,1.85,10442,4/23/2022,Partial
19855,101.5,486,10668,5/4/2022,Partial
19855,76.5,2339.65,10679,5/14/2022,Full
18223,675,0,14432,10/20/2022,Failed
19615,102.9,683.3,16026,1/28/2023,Partial
19615,102.9,13.3,16027,1/28/2023,Partial
19615,65,846.2,16378,2/16/2023,Partial
19615,65,4.8,16379,2/16/2023,Partial
19615,43.8,2320.8,16618,3/9/2023,Full
19615,43.8,30.6,16619,3/9/2023,Full
19615,43.8,25,16620,3/9/2023,Full
19615,43.8,14,16628,3/11/2023,FINISIHING
19615,43.8,6,16651,3/11/2023,Full
17632,61,378.5,10465,4/23/2022,Partial
17632,70,10,10466,4/23/2022,Partial
17632,70,43.6,10478,4/23/2022,Partial
17632,45,327.4,10606,5/9/2022,Partial
17632,67,73.05,10607,5/9/2022,Partial
17632,90,19,10608,5/9/2022,Partial
17632,39,340,10766,5/23/2022,Full
17632,33,1,10767,5/23/2022,Full
17632,39,1,10768,5/23/2022,Full
17632,53,7,10769,5/23/2022,Full
17632,53,25,10770,5/23/2022,Full
17632,53,76,10771,5/23/2022,Full
17632,53,76,10781,5/23/2022,Full
17632,39,1,10784,5/23/2022,Full
20075,32.6,675.9,18501,6/6/2023,Full
19957,47,2400,16336,1/6/2023,Full
15819,23.2,5319,17608,4/25/2023,Full
15869,157.21,361.73,16070,1/30/2023,Partial
15869,147.36,688.03,16262,2/7/2023,Full
15869,280,122.44,16263,2/7/2023,Full
18670,68.94,4505.16,9387,1/5/2022,Full
15219,86.11,277.32,12344,8/5/2022,Full
15219,86.11,45.03,12345,8/5/2022,Full
15005,87,390,11008,6/10/2022,Full
15005,87,714,11009,6/10/2022,Full
15005,87,300,11010,6/10/2022,Full
15005,87,570,11011,6/10/2022,Full
15005,87,234.65,11012,6/10/2022,Full
17860,200,105.5,12073,7/21/2022,Full
14094,18,5026,17260,3/18/2023,Full
18233,400,50,17117,4/3/2023,Partial
18233,310,110,17291,4/12/2023,Partial
18233,200,50,17543,4/25/2023,Partial
18233,190,135,17544,4/26/2023,Full
15508,49,368,13355,9/22/2022,Partial
15508,73,21,13356,9/22/2022,Partial
15508,40,376.35,13537,10/4/2022,Partial
15508,76,11.68,13538,10/4/2022,Partial
15508,200,4,13539,10/4/2022,Partial
15508,28,1300,14562,11/1/2022,Full
19077,150,200,17878,5/10/2023,Partial
19077,110,400,17934,5/16/2023,Full
16365,106.34,320.18,13291,9/18/2022,Partial
16365,99.61,0.59,13301,9/18/2022,Partial
16365,72.18,143.72,13483,9/29/2022,Partial
16365,78.18,0.26,13494,9/29/2022,Partial
16365,60.52,362.3,13656,10/10/2022,Partial
16365,60.52,3.48,13657,10/10/2022,Partial
16365,55.38,3042.01,13854,10/17/2022,Full
16365,55.38,53.98,13855,10/17/2022,Full
15066,114,287.81,5434,6/11/2021,Partial
15066,114,1,5460,6/11/2021,Partial
15066,77.83,498.9,5968,6/27/2021,Partial
15066,77.83,0.66,5969,6/27/2021,Partial
15066,63.6,608.86,6036,7/9/2021,Partial
15066,63.6,4.69,6037,7/9/2021,Partial
15066,50.822,2479.1,6417,7/29/2021,Full
15066,50.822,34.36,6418,7/29/2021,Full
12863,93.33,952.35,17007,3/29/2023,Partial
12863,158,21.3,17008,3/29/2023,Partial
12863,79.11,959.7,17215,4/8/2023,Partial
12863,124,117.05,17216,4/8/2023,Partial
19294,160,200,13758,10/14/2022,Partial
19294,125,20,13923,10/21/2022,Full
18538,23.5,6220,14939,12/2/2022,Full
15805,61,127.35,10344,4/20/2022,Full
15805,120,41.5,10345,4/20/2022,Full
15805,100,10,10346,4/20/2022,Full
15805,120,16.5,10347,4/20/2022,Full
18403,95.98,545.66,5907,6/18/2021,Partial
18403,95.98,0.5,5908,6/18/2021,Partial
18403,71.42,568.17,6004,6/30/2021,Partial
18403,71.42,2.66,6005,6/30/2021,Partial
18403,63.8,659.03,6006,7/8/2021,Partial
18403,63.8,4.8,6007,7/8/2021,Partial
18403,47.649,3193,6441,7/28/2021,Full
18403,47.649,107.25,6442,7/28/2021,Full
20124,43,1041,12927,8/13/2022,Full
20124,65,110,12928,8/13/2022,Full
16588,110,250,17400,4/11/2023,Full
14583,111.23,321.26,12107,7/23/2022,Full
14583,111.23,21.87,12108,7/23/2022,Full
14583,111.23,18.11,12109,7/23/2022,Full
16332,93.3,3026.5,11527,7/6/2022,Partial
16332,60.4,3577,12061,7/23/2022,Partial
16332,40.3,3340.6,12360,8/9/2022,Partial
16332,31.9,3453.5,12836,8/25/2022,Partial
16332,26.53,10369.1,13069,9/9/2022,Full
18468,94,763.45,4744,4/12/2021,Partial
18468,81,2696.8,4911,4/21/2021,Failed
18958,67.45,592.76,6359,8/4/2021,Partial
18958,47.78,546.72,6558,8/17/2021,Full
15812,84,458.94,15009,12/10/2022,Partial
15812,84,13.5,15010,12/10/2022,Partial
15812,68,1289.65,15318,12/20/2022,Partial
15812,68,42.16,15319,12/20/2022,Partial
15812,37.6,5282.69,16080,1/30/2023,Full
15812,59.4,208.81,16081,1/30/2023,Full
15812,37.6,169.84,16082,1/30/2023,Full
15812,37.6,5,16083,1/30/2023,Full
21089,85.82,666.69,15902,1/23/2023,Partial
21089,85.82,22.94,15903,1/23/2023,Partial
21089,69.55,2580.49,16219,2/3/2023,Full
21089,69.55,88.12,16220,2/3/2023,Full
9098,190,288.71,11383,6/21/2022,Full
9098,200,90000,12432,7/19/2022,Full
9098,140,1270,13793,9/29/2022,Full
21944,207.03,211.61,11947,7/16/2022,Full
21944,226.47,7.23,11948,7/16/2022,Full
15015,109,238,18402,6/6/2023,Partial
15015,83,206,18639,6/14/2023,Partial
15015,53,225.74,19198,7/3/2023,Partial
15015,47,1260,19572,7/11/2023,Full
19313,98,226.4,13777,10/15/2022,Full
19313,140,48.05,13778,10/15/2022,Full
19313,120,3,13779,10/15/2022,Full
19313,120,7.5,13780,10/15/2022,Full
20936,78.74,685.76,13137,9/14/2022,Partial
20936,78.74,3.45,13138,9/14/2022,Partial
20936,51.2,2540,13708,10/11/2022,Full
20936,51.2,143.67,13709,10/11/2022,Full
20936,51.2,7,13789,10/15/2022,finishing (pengesatan)
17631,84.43,591.09,15285,12/19/2022,Partial
17631,84.43,21.38,15286,12/19/2022,Partial
17631,69.27,751.27,15506,1/3/2023,Partial
17631,69.27,35.4,15526,1/3/2023,Partial
17631,66.3,857.64,15624,1/9/2023,Full
17631,66.3,83.47,15685,1/9/2023,Full
17631,66.3,13.01,15686,1/9/2023,Full
17631,66.3,41.39,15687,1/9/2023,Full
18975,107,201.9,13773,10/15/2022,Full
18975,150,52.9,13774,10/15/2022,Full
18975,130,5,13775,10/15/2022,Full
18975,130,6.8,13776,10/15/2022,Full
20949,40,5000,13059,7/1/2022,Full
16006,98.6,288.97,14654,11/23/2022,Partial
16006,65.7,392.39,17330,12/7/2022,Partial
16006,50,865.25,17331,12/21/2022,Partial
16006,38,1401.74,17332,1/11/2023,Full
20975,30,5389.6,18326,5/25/2023,Full
15772,78.74,624.22,15900,1/23/2023,Partial
15772,78.74,18.68,15901,1/23/2023,Partial
15772,65.33,2480.69,16225,2/4/2023,Full
15772,65.33,93.75,16226,2/4/2023,Full
15772,65.33,21,16227,2/4/2023,Full
15775,124,1.22,10430,4/24/2022,Partial
15775,126.58,0.86,10431,4/24/2022,Partial
15775,265.5,0.29,10449,4/10/2022,Partial
15775,158.6,1.47,10450,4/17/2022,Partial
15775,100.4,962.4,10663,5/4/2022,Partial
15775,70,1398.95,10811,5/17/2022,Partial
15775,61,4257,10812,5/24/2022,Full
17609,125,370,15657,1/8/2023,Partial
17609,192,25,15694,1/8/2023,Partial
17609,192,0.66,15764,1/8/2023,Partial
17609,102,599.68,15809,1/16/2023,Partial
17609,102,547.88,15859,1/16/2023,Partial
17609,180,50,15972,1/17/2023,Partial
17609,180,1.8,15984,1/17/2023,Partial
17609,73.1,267.62,16185,2/3/2023,Partial
17609,73.1,9.92,16186,2/3/2023,Partial
17609,175,5.04,16204,2/3/2023,Partial
17609,72.4,954.24,16284,2/9/2023,Full
17609,72.4,13.66,16285,2/9/2023,Full
17609,190,28.26,16300,2/9/2023,Full
17609,190,0.34,16311,2/9/2023,Full
17609,190,3.5,16312,2/9/2023,Full
17749,179,0.8,16828,2/27/2023,Partial
17749,103,2.09,16834,3/13/2023,Partial
17749,66,2.86,17084,3/27/2023,Partial
17749,79,2.13,17089,3/20/2023,Partial
17749,130,1.38,17292,3/6/2023,Partial
17749,65,2.47,17295,4/3/2023,Partial
17749,60,2.65,17298,4/9/2023,Partial
17749,62,927.1,17299,4/11/2023,Full
17749,95,57.15,17302,4/11/2023,Full
17749,70,16,17307,4/11/2023,Full
19239,156,438.74,15664,1/9/2023,Partial
19239,119,532.34,15823,1/17/2023,Partial
19239,119,506.88,15873,1/17/2023,Partial
19239,180,8.58,15994,1/17/2023,Partial
19239,225,16.88,16004,1/17/2023,Partial
19239,82,1357.86,16286,2/9/2023,Full
19239,82,24.64,16287,2/9/2023,Full
19239,190,67.48,16301,2/9/2023,Full
19239,190,7,16304,2/9/2023,Full
19239,190,0.6,16310,2/9/2023,Full
20857,71,108.78,12909,8/27/2022,Full
19261,130,577,15409,12/4/2022,Partial
19261,92,747.54,15410,12/15/2022,Partial
19261,65,1187.24,15411,12/26/2022,Full
20617,102,452.21,9353,1/22/2022,Partial
20617,66,392,9474,2/5/2022,Partial
20617,125,52.26,9475,2/5/2022,Partial
20617,45,270.94,9602,2/17/2022,Full
20617,70,26.72,9603,2/17/2022,Full
20617,45,270.94,9786,2/17/2022,Full
20617,70,70,9787,2/17/2022,Full
20617,66,392,9788,2/5/2022,Partial
20617,140,40,9789,1/22/2022,Partial
20617,125,52.26,9791,2/5/2022,Partial
14577,365.5,0.2,10437,4/9/2022,Partial
14577,173,1.66,10438,4/16/2022,Partial
14577,127.2,0.98,10439,4/23/2022,Partial
14577,38,1013,11027,6/12/2022,Full
16334,164.5,337,15581,11/23/2022,Partial
16334,118.1,698.5,15599,12/14/2022,Partial
16334,87,366.4,15740,1/3/2023,Partial
16334,76.2,2670.31,16134,1/21/2023,Full
17218,220,795,14986,11/25/2022,Full
21688,103.56,163.59,12181,6/26/2022,Partial
21688,80,180,12182,7/7/2022,Partial
21688,47.8,1200,12207,8/1/2022,Full
21688,80,180,12435,8/1/2022,
21688,103,163.59,12436,8/1/2022,
10714,95.38,386.54,12485,7/19/2022,Partial
10714,71.78,377.49,12486,8/1/2022,Partial
10714,64.47,2315.29,12487,8/12/2022,Full
13451,113,829.45,14170,8/23/2022,Partial
13451,77.1,1100.9,14171,9/3/2022,Partial
13451,55,1045.1,14172,9/13/2022,Partial
13451,40.2,888.9,14173,9/27/2022,Partial
13451,33,4024.3,14174,10/8/2022,Full
19686,134,410.14,15648,1/8/2023,Partial
19686,115,565.78,15798,1/15/2023,Partial
19686,115,10,15842,1/15/2023,Partial
19686,115,476.82,15852,1/15/2023,Partial
19686,205,25,15940,1/15/2023,Partial
19686,195,25,15941,1/15/2023,Partial
19686,195,20,15942,1/15/2023,Partial
19686,185,9.68,15950,1/15/2023,Partial
19686,195,5,15977,1/15/2023,Partial
19686,195,2,15978,1/15/2023,Partial
19686,195,2.28,15979,1/15/2023,Partial
19686,72.4,279.16,16191,2/3/2023,Partial
19686,72.4,12,16192,2/3/2023,Partial
19686,72.4,20,16197,2/3/2023,Partial
19686,175,7.46,16200,2/3/2023,Partial
19686,175,0.78,16206,2/3/2023,Partial
19686,73.7,759.86,16281,2/9/2023,Full
19686,73.7,18.64,16282,2/9/2023,Full
19686,190,26.72,16298,2/9/2023,Full
19686,190,2.86,16308,2/9/2023,Full
21716,110,500,12265,7/28/2022,Full
19068,166,280.86,15546,1/5/2023,Partial
19068,255,20,15552,1/5/2023,Partial
19068,167,291.72,15790,1/15/2023,Partial
19068,185,305,15888,1/18/2023,Full
18590,78,170,12090,7/22/2022,Full
18590,80,170,12269,7/22/2022,Full
16328,109,1285.13,14165,8/23/2022,Partial
16328,73.8,1021.4,14166,9/3/2022,Partial
16328,52,867.4,14167,9/13/2022,Partial
16328,40.2,903,14168,9/27/2022,Partial
16328,33,3029.5,14169,10/11/2022,Full
19307,124.16,420.9,15898,1/23/2023,Partial
19307,124.16,30.88,15899,1/23/2023,Partial
19307,106.19,2373.07,16221,2/3/2023,Full
19307,106.19,199.18,16222,2/3/2023,Full
19063,57,918,11107,6/17/2022,Full
19063,57,318,11108,6/17/2022,Full
19063,57,480,11109,6/17/2022,Full
19063,57,120,11110,6/17/2022,Full
23362,42.6,221.2,18787,5/28/2023,Full
23362,45,10.83,18788,5/28/2023,Full
23362,215,13.89,18789,5/28/2023,Full
20550,54,4000,14726,10/15/2022,Partial
19238,61,884,12347,7/19/2022,Full
17728,120,303,13816,10/14/2022,Partial
17728,111,619,14188,10/22/2022,Full
17728,111,853.7,14189,10/22/2022,Full
17728,120,78.7,14456,10/14/2022,Partial
17728,111,619.44,14460,10/12/2022,Partial
17728,111,853.7,14461,10/12/2022,Partial
12348,95.8,753.4,16024,1/28/2023,Partial
12348,95.8,15,16025,1/28/2023,Partial
12348,57,893.58,16377,2/16/2023,Partial
12348,39,1700.7,16616,3/9/2023,Full
12348,39,92.4,16617,3/9/2023,Full
17720,91,474.75,10486,4/23/2022,Partial
17720,58,816.35,10652,5/10/2022,Partial
17720,58,1826.3,10653,5/11/2022,Failed
17720,58,31.75,10656,5/11/2022,Failed
14585,54,226.45,10118,4/6/2022,Partial
14585,47,560,10265,4/13/2022,Full
14585,47,20,10473,4/13/2022,Full
14585,47,2,10474,4/13/2022,Full
14585,47,2,10475,4/13/2022,Full
14585,47,1,10476,4/13/2022,Full
18405,32,4531,18458,6/8/2023,Full
21024,86,712.17,17938,5/17/2023,Partial
21024,200,0.86,17983,5/17/2023,Partial
21024,86,0.39,18006,5/17/2023,Partial
21024,86,0.11,18096,5/17/2023,Partial
21024,64,640.51,18187,5/27/2023,Partial
21024,180,1.04,18188,5/27/2023,Partial
21024,64,60,18189,5/27/2023,Partial
21024,64,30,18190,5/27/2023,Partial
21024,46,574.42,18575,6/13/2023,Partial
21024,120,1.21,18576,6/13/2023,Partial
21024,46,3.15,18577,6/13/2023,Partial
21024,45,423.92,18807,6/21/2023,Partial
21024,45,50,18809,6/21/2023,Partial
21024,45,10.71,18810,6/21/2023,Partial
21024,44,670.59,18854,6/23/2023,Partial
21024,80,19.33,18855,6/23/2023,Partial
21024,44,9.16,18856,6/23/2023,Partial
21024,43,1514.03,19010,6/30/2023,Full
21024,68,153.85,19011,6/30/2023,Full
21024,43,59.86,19012,6/30/2023,Full
14095,52,1100,16333,1/12/2023,Failed
12864,116.4,0.86,10428,4/26/2022,Partial
12864,318.5,0.25,10459,4/12/2022,Partial
12864,176.5,0.9,10460,4/19/2022,Partial
12864,103.3,596.8,10666,5/4/2022,Partial
12864,72.5,2210.3,10724,5/16/2022,Full
18817,150,500,19625,7/7/2023,Full
12867,133.9,361,15577,11/15/2022,Partial
12867,88,1082.4,15591,12/19/2022,Partial
12867,109,727,15592,11/29/2022,Partial
12867,74,367.3,15745,1/10/2023,Partial
12867,66,2488.9,16129,1/16/2023,Full
15006,84,641,11619,7/4/2022,Full
18396,62,255.26,11138,6/18/2022,Partial
18396,126,16,11139,6/18/2022,Partial
18396,62,255.26,11239,6/18/2022,
18396,62,16,11240,6/18/2022,
18396,46,747.89,12040,7/4/2022,Full
18396,58,29.27,12041,7/4/2022,Full
20714,90.85,559.77,15271,12/19/2022,Partial
20714,90.85,16.01,15272,12/19/2022,Partial
20714,78.36,660.5,15502,1/2/2023,Partial
20714,78.36,37.53,15519,1/2/2023,Partial
20714,72.41,957.84,15773,1/12/2023,Full
20714,72.41,117.47,15774,1/12/2023,Full
22535,210,202,17078,4/1/2023,Partial
22535,200,205,17169,4/6/2023,Partial
22535,190,531,17241,4/9/2023,Full
20948,54,2700,15672,1/5/2023,Full
19534,58,835,11106,6/18/2022,Full
19534,58,450,11107,6/17/2022,Full
19534,58,450,11222,6/17/2022,
15435,136,672.2,10197,12/23/2021,Partial
15435,93,715.1,10198,1/1/2022,Partial
15435,75,822,10199,1/4/2022,Partial
15435,36,5415.1,10200,2/2/2022,Full
12866,76,211.9,16353,2/14/2023,Partial
12866,110,23.5,16357,2/14/2023,Partial
12866,65,132,16369,2/14/2023,Partial
12866,45,694.86,16761,3/15/2023,Full
12866,60,87,16762,3/15/2023,Full
12866,60,34.7,16763,3/15/2023,Full
12866,45,2.27,16797,3/11/2023,Partial
19315,69.95,3287.01,9382,1/5/2022,Full
19614,160,75,17183,4/7/2023,Partial
19614,161,60,17339,4/13/2023,Full
18140,65,400,14714,11/23/2022,Full
12869,185,314.74,17384,4/16/2023,Full
22532,135,1,5465,6/11/2021,Partial
22532,135,223.49,5466,6/11/2021,Partial
22532,85.2,408.68,5976,6/27/2021,Partial
22532,85.2,0.66,5977,6/27/2021,Partial
22532,68.66,460.2,6040,7/9/2021,Partial
22532,68.66,4.69,6041,7/9/2021,Partial
22532,49.866,1783.4,6421,7/29/2021,Full
22532,49.866,68.46,6422,7/29/2021,Full
15498,110.52,52.49,12093,7/22/2022,Full
15498,110.52,452.83,12094,7/22/2022,Full
15498,110.52,5,12110,7/22/2022,Full
20763,99.45,287.02,13297,9/18/2022,Partial
20763,76.71,175.53,13488,9/29/2022,Partial
20763,76.71,2.21,13499,9/29/2022,Partial
20763,59.1,217.6,13646,10/10/2022,Partial
20763,59.1,6.76,13647,10/10/2022,Partial
20763,53.63,2885.44,13852,10/17/2022,Full
20763,53.63,94.39,13853,10/17/2022,Full
15835,68,1105.3,10105,4/4/2022,Full
15835,68,844.5,10469,4/4/2022,Full
15835,90,63.3,10470,4/4/2022,Full
15835,75,103,10471,4/4/2022,Full
15835,110,36.5,10472,4/4/2022,Full
15835,68,844.5,10604,4/4/2022,Full
15835,90,63.3,10605,4/4/2022,Full
17640,76,3800,12908,8/13/2022,Failed
18277,27.3,4217,18136,5/21/2023,Full
21659,260,7800,13718,9/6/2022,Failed
19302,124,558.25,14175,8/23/2022,Partial
19302,76.7,662.3,14176,9/3/2022,Partial
19302,60,518.8,14177,9/13/2022,Partial
19302,46.5,820.5,14178,9/27/2022,Partial
19302,35,2958.5,14179,10/13/2022,Full
18921,67.72,733.59,6350,8/4/2021,Partial
18921,48.5,1162.19,6552,8/17/2021,Full
15496,133,100,10996,5/8/2022,Partial
15496,133,750,11004,5/13/2022,Partial
15496,133,750,11496,5/14/2022,Full
18133,80,406.73,8956,11/9/2021,Full
21660,65,453.5,10120,4/6/2022,Partial
21660,65,16.84,10312,4/6/2022,Partial
21660,57,1292.85,10314,4/14/2022,Full
21660,57,50,10315,4/14/2022,Full
21660,57,20,10316,4/14/2022,Full
21660,57,103.84,10317,4/14/2022,Full
21660,55,2,10318,4/14/2022,Full
21660,57,3,10321,4/14/2022,Full
20668,116,292.32,13290,9/18/2022,Partial
20668,84.67,199.51,13492,9/29/2022,Partial
20668,84.67,1.8,13503,9/29/2022,Partial
20668,67.53,284.15,13644,10/10/2022,Partial
20668,67.53,7.93,13645,10/10/2022,Partial
20668,58.34,3477.12,14055,10/24/2022,Full
20668,58.34,106.75,14056,10/24/2022,Full
20943,80,300,19365,6/25/2023,Partial
20943,90,250,19366,6/17/2023,Partial
20943,80,215,19367,7/5/2023,Full
19066,115,266.44,11898,7/16/2022,Partial
19066,96,30,12070,7/23/2022,Partial
19066,93,281,12092,7/24/2022,Partial
19066,74,305.36,12211,8/2/2022,Partial
19066,64,152,12367,8/10/2022,Partial
19066,45.9,1570.18,12910,8/27/2022,Full
17532,84,628.15,10991,6/9/2022,Full
17532,86,300,10992,6/9/2022,Full
17532,86,31,10993,6/9/2022,Full
17532,86,991.2,11013,6/10/2022,Full
17532,85,300,11183,6/9/2022,Full
9091,214.52,268.2,12080,7/22/2022,Full
17306,110,374.85,10926,6/6/2022,Partial
17306,94,386.5,11041,6/13/2022,Partial
17306,59,845,11368,7/1/2022,Full
20665,18.5,6119,17259,3/17/2023,Full
19669,78,3200,15339,10/26/2022,Partial
19669,46,5600,15340,12/3/2022,Full
18446,59.8,944.5,18782,5/28/2023,Full
18446,70,92.39,18783,5/28/2023,Full
18446,60,134.23,18784,5/28/2023,Full
18446,124,606,18785,5/29/2023,Full
18446,300,18,18786,5/29/2023,Full
19050,116,307.25,19431,5/30/2023,Full
15758,102,350.35,11066,6/14/2022,Partial
15758,76,407,11395,7/3/2022,Partial
15758,100,29.12,11637,7/9/2022,Partial
15758,64,220,11638,7/9/2022,Partial
15758,51,360,12056,7/22/2022,Full
15758,70,25.5,12057,7/22/2022,Full
19803,139,242.51,15557,1/5/2023,Partial
19803,214,28.28,15558,1/5/2023,Partial
19803,159,300,15787,1/15/2023,Full
19803,138,170,15788,1/15/2023,Partial
19803,212,19,15789,1/15/2023,Partial
19314,172,6.5,11892,7/15/2022,Partial
19314,170,10.6,11894,7/16/2022,Full
20429,165,812.95,10534,5/5/2022,Partial
20429,176,540,10631,5/11/2022,Full
19755,213,897,19642,6/30/2023,Full
17880,17.06,855.5,14946,12/7/2022,Full
17126,33.2,5170,17263,3/6/2023,Full
9103,102,937,14585,11/4/2022,Full
16339,78,760.5,10648,5/10/2022,Partial
16339,62.7,797.75,10849,5/23/2022,Partial
16339,50.6,839.05,10930,6/2/2022,Partial
16339,37.6,527.39,11175,6/18/2022,Partial
16339,50,1.65,11176,6/18/2022,Partial
16339,34.5,2797.05,11596,6/24/2022,Full
16054,22.8,1968,15478,12/27/2022,Full
17638,100,2539.94,10483,4/23/2022,Failed
15305,203,194,19645,6/30/2023,Full
15499,89.87,501.19,16543,2/26/2023,Partial
15499,135,9.69,16544,2/26/2023,Partial
15499,67.18,563.7,16682,3/12/2023,Partial
15499,98,23.92,16683,3/12/2023,Partial
15499,51.93,529.28,17071,3/30/2023,Partial
15499,88,6.88,17072,3/30/2023,Partial
15499,41,328.5,17424,4/17/2023,Partial
15499,41,741.5,17486,4/18/2023,Full
19312,100.8,1034.7,17013,3/29/2023,Partial
19312,166,40.45,17014,3/29/2023,Partial
19312,84,1126.4,17221,4/8/2023,Partial
19312,124,109.45,17222,4/8/2023,Partial
18911,73.69,2690.79,9386,1/5/2022,Full
19600,19.2,4762,17350,4/11/2023,Full
18190,168,421.36,15637,1/7/2023,Partial
18190,131,541.16,15803,1/15/2023,Partial
18190,131,15,15845,1/15/2023,Partial
18190,131,477.72,15849,1/15/2023,Partial
18190,180,10,15948,1/15/2023,Partial
18190,185,38.44,15949,1/15/2023,Partial
18190,87.6,1296.52,16279,2/9/2023,Full
18190,87.6,15.72,16280,2/9/2023,Full
18190,190,51.38,16297,2/9/2023,Full
18190,190,2.88,16307,2/9/2023,Full
18057,118,509.96,17945,5/17/2023,Partial
18057,200,6.01,17996,5/17/2023,Partial
18057,118,0.39,18015,5/17/2023,Partial
18057,118,0.11,18089,5/17/2023,Partial
18057,97,474.18,18203,5/27/2023,Partial
18057,190,8.03,18204,5/27/2023,Partial
18057,84,1428.45,18596,6/13/2023,Full
18057,110,370.78,18597,6/13/2023,Full
19366,105,274.7,12983,9/5/2022,Partial
19366,79,285,13249,9/15/2022,Partial
19366,61,320,13371,9/24/2022,Partial
19366,52,540,13455,10/3/2022,Full
19366,52,25,13456,10/3/2022,Full
17439,95,642.15,17947,5/17/2023,Partial
17439,160,1.25,17998,5/17/2023,Partial
17439,95,0.39,18022,5/17/2023,Partial
17439,95,0.11,18087,5/17/2023,Partial
17439,77,685.46,18207,5/27/2023,Partial
17439,150,2.59,18208,5/27/2023,Partial
17439,57,294.06,18593,6/13/2023,Partial
17439,140,0.81,18594,6/13/2023,Partial
17439,57,1.33,18595,6/13/2023,Partial
17439,55,451.56,18825,6/21/2023,Partial
17439,55,12.57,18826,6/21/2023,Partial
17439,51,2209.53,19144,7/1/2023,Full
17439,77,90.55,19145,7/1/2023,Full
17439,51,347.01,19146,7/1/2023,Full
20076,236,25,11617,6/23/2022,Full
16483,78.17,827.76,18119,5/24/2023,Partial
16483,50.65,2539.86,18406,6/6/2023,Full
12865,210,5.25,17984,5/19/2023,Partial
12865,160,1.35,18151,5/25/2023,Partial
12865,154,2.2,18178,5/26/2023,Partial
12865,146,2.85,18218,5/27/2023,Partial
12865,136,3.3,18260,5/29/2023,Partial
12865,130,5.2,18275,5/30/2023,Full
15750,99,623.89,17946,5/17/2023,Partial
15750,190,0.28,17997,5/17/2023,Partial
15750,99,0.39,18016,5/17/2023,Partial
15750,99,0.11,18088,5/17/2023,Partial
15750,86,522.91,18205,5/27/2023,Partial
15750,140,9.84,18206,5/27/2023,Partial
15750,65,237.75,18823,6/21/2023,Partial
15750,65,35.7,18824,6/21/2023,Partial
15750,54,1256.04,19192,7/2/2023,Full
15750,83,93.86,19193,7/2/2023,Full
15750,54,125.39,19194,7/2/2023,Full
22536,53.77,906.03,16164,2/1/2023,Full
22536,53.77,6.36,16165,2/1/2023,Full
18922,50.6,4972.44,15610,1/9/2023,Full
18922,215,29.76,15611,1/9/2023,Full
18922,50.6,32,15612,1/9/2023,Full
18922,50.6,16,15613,1/9/2023,Full
18922,50.6,160,15614,1/9/2023,Full
15484,102,324.79,13268,9/19/2022,Partial
15484,102,1.36,13278,9/19/2022,Partial
15484,82.64,289.15,13460,9/30/2022,Partial
15484,79.12,3.35,13471,9/30/2022,Partial
15484,67.4,401.27,13674,10/11/2022,Partial
15484,67.4,5.97,13675,10/11/2022,Partial
15484,56.9,3422.29,14061,10/24/2022,Full
15484,56.9,188.17,14062,10/24/2022,Full
19693,137,327,15889,1/20/2023,Partial
19693,200,87,16050,1/15/2023,Failed
19693,81.9,417,16211,2/4/2023,Partial
19693,72.5,483.08,16276,2/11/2023,Partial
19693,68,90.27,16493,2/18/2023,Partial
19693,80,25,16494,2/11/2023,Partial
19693,70,19,16495,2/19/2023,Partial
19693,70,2287.72,16496,2/19/2023,Full
19693,118.8,380.6,19027,5/29/2023,
19693,106.7,611.5,19028,6/5/2023,
19693,92,510.68,19030,6/13/2023,
19693,81.5,300,19033,6/19/2023,
19693,77.7,420.06,19035,6/23/2023,
19693,60.6,531.3,19158,7/1/2023,
19693,201,375.6,19163,10/1/2022,
19693,172,604,19164,10/5/2022,
19693,57,449.88,19556,7/9/2023,
19693,55,507.2,19558,7/10/2023,
20616,76.9,805.81,9381,1/6/2022,Full
18673,100,99,10381,4/24/2022,Partial
18673,83,12,10500,5/2/2022,Partial
18673,48,483,10748,5/21/2022,Partial
18673,48,161.7,10777,5/22/2022,Full
20739,149,331,15582,11/23/2022,Partial
20739,110,678.5,15600,12/14/2022,Partial
20739,82.8,360,15741,1/3/2023,Partial
20739,72,2900.24,16135,1/22/2023,Full
11081,93,130,13740,9/20/2022,
11081,120,132,13741,9/20/2022,Full
18395,79,600,15253,11/28/2022,Full
21892,74,366,12144,7/26/2022,Partial
21892,37,450,12824,8/22/2022,Full
21892,74,366,12825,7/26/2022,Partial
21599,48,716,12930,8/13/2022,Full
21599,70,140,12931,8/13/2022,Full
16163,84,313.89,11986,1/21/2022,Partial
16163,60,511.7,11987,2/4/2022,Partial
16163,46,466.69,11988,2/18/2022,Partial
16163,36,313.82,11989,2/28/2022,Partial
16163,33,769.75,11990,3/11/2022,Full
19319,200,200,13609,10/7/2022,Full
19319,300,19,13610,10/7/2022,Full
18238,113.87,402.66,17665,5/1/2023,Partial
18238,113.54,1245.17,17912,5/13/2023,Full
18238,275,32.74,17913,5/13/2023,Full
14579,60,150,12058,7/19/2022,Full
14579,88,110,12059,7/19/2022,Full
16215,66.17,811.85,14609,11/19/2022,Partial
16215,102,74.75,14610,11/19/2022,Partial
16215,48.57,1049,14871,12/3/2022,Partial
16215,75,51.85,14872,12/3/2022,Partial
16215,41.29,851.35,15043,12/12/2022,Partial
16215,75,64.65,15044,12/12/2022,Partial
17743,74,787.76,14131,10/23/2022,Partial
17743,60,887.7,14310,11/2/2022,Partial
17743,44.4,1214.52,14624,11/20/2022,Partial
17743,35,8310.42,14888,12/4/2022,Full
15802,69,270,12765,8/22/2022,Partial
15802,97.63,210,12932,8/10/2022,Partial
15802,52,270,12935,9/2/2022,Partial
15802,40,212,13161,9/14/2022,Partial
15802,39,1098,13195,9/17/2022,Full
20944,73.6,900.9,14306,11/3/2022,Partial
20944,92.3,754,14307,10/23/2022,Partial
20944,50.7,783.01,14657,11/20/2022,Partial
20944,45.5,6355.19,14734,11/26/2022,Full
17857,60,2.84,11625,7/4/2022,Full
20390,152,420,17334,4/13/2023,Partial
20390,111,200,17477,4/18/2023,Partial
20390,67,630,17616,4/29/2023,Partial
20390,57,510,17809,5/8/2023,Partial
20390,29,1240,18602,6/14/2023,Full
16803,43.8,6444,15618,1/10/2023,Full
16803,43.8,10,15619,1/10/2023,Full
16803,200,34,15620,1/10/2023,Full
16803,43.8,54,15621,1/10/2023,Full
16803,43.8,660,15622,1/10/2023,Full
18732,75,510,11140,6/18/2022,Partial
18732,145,49,11141,6/18/2022,Partial
18732,75,510,11241,6/18/2022,
18732,75,49,11242,6/18/2022,
18732,46,1701.02,12042,7/17/2022,Full
18732,59,138.68,12043,7/17/2022,Full
18325,43,1185,13557,4/20/2021,Full
16330,200,225,13170,8/29/2022,Full
15304,104,295.29,14337,11/3/2022,Partial
15304,89,138,14476,11/8/2022,Full
15304,90,82.76,14477,11/8/2022,Full
17738,13,2554,16068,1/27/2023,Full
18674,100,370.99,12476,7/19/2022,Partial
18674,81.15,374.45,12477,8/1/2022,Partial
18674,63.1,2046.08,12478,8/13/2022,Full
18828,142,135,17357,4/14/2023,Partial
18828,142,50,17515,4/15/2023,Partial
18828,125,59,17516,4/18/2023,Partial
18828,110,514,17517,4/23/2023,Full
15982,71.38,748.25,14605,11/19/2022,Partial
15982,107,49.1,14606,11/19/2022,Partial
15982,47.32,753.45,14864,12/3/2022,Partial
15982,75,36.65,14865,12/3/2022,Partial
15982,40,864.85,15039,12/12/2022,Partial
15982,61,75.2,15040,12/12/2022,Partial
12484,1000,60,14703,11/19/2022,Failed
18232,146,350,15606,12/5/2022,Partial
18232,103.5,331,15738,12/27/2022,Partial
18232,76.3,3589.2,16137,1/24/2023,Full
18924,74,400,12143,7/25/2022,Partial
18924,54,500,12463,8/10/2022,Partial
18924,32,600,12984,9/5/2022,Full
16711,79,526.2,11229,6/25/2022,Full
16711,114,98.45,11230,6/25/2022,Full
16711,114,3,11231,6/25/2022,Full
17730,87,250,14211,10/31/2022,Partial
17730,65,464,14397,11/10/2022,Partial
17730,45,580,14659,11/24/2022,Partial
17730,36,878.5,15094,12/15/2022,Full
15502,116.9,270.1,14438,11/12/2022,Full
15502,116.9,19,14439,11/12/2022,Full
15413,45,1700,13057,7/25/2021,Full
20658,150,359.24,15644,1/8/2023,Partial
20658,192,25,15691,1/8/2023,Partial
20658,192,2.31,15769,1/8/2023,Partial
20658,127,536.18,15796,1/15/2023,Partial
20658,127,492.46,15855,1/15/2023,Partial
20658,185,43.72,15943,1/15/2023,Partial
20658,70.7,832.18,16395,2/17/2023,Full
20658,118.1,75,16399,2/17/2023,Full
20658,118.1,136,16400,2/17/2023,Full
20658,118.1,2.74,16401,2/17/2023,Full
20658,70.7,1,16411,2/17/2023,Full
20658,70.7,1.08,16412,2/17/2023,Full
18919,200,60,11000,6/9/2022,Full
17636,106.34,323.35,13286,9/18/2022,Partial
17636,106.34,0.59,13298,9/18/2022,Partial
17636,82.22,146.06,13482,9/29/2022,Partial
17636,82.22,1.36,13493,9/29/2022,Partial
17636,67.84,327.94,13652,10/10/2022,Partial
17636,67.84,10.22,13653,10/10/2022,Partial
17636,60.4,4037.84,13955,10/23/2022,Full
17636,60.4,131.6,13956,10/23/2022,Full
16294,130,516.14,13818,10/14/2022,Partial
16294,90,1128.27,14240,10/26/2022,Full
16294,90,1128.27,14241,10/26/2022,Full
16294,90,483.87,14242,10/26/2022,Full
16294,130,120.38,14455,10/14/2022,Partial
21026,21,5458.4,17609,4/26/2023,Full
18877,28.2,4866,15835,1/15/2023,Full
18613,108.6,0.86,10433,4/24/2022,Partial
18613,246.6,0.37,10453,4/10/2022,Partial
18613,160.6,0.87,10454,4/17/2022,Partial
18613,94.5,562.5,10636,5/4/2022,Partial
18613,77,2608.4,10637,5/10/2022,Full
19310,100,80,13978,10/20/2022,Full
16298,103,698.27,14155,8/23/2022,Partial
16298,67.8,742.1,14156,9/3/2022,Partial
16298,46.5,698.7,14157,9/13/2022,Partial
16298,36,641.4,14158,9/27/2022,Partial
16298,31.6,2431.4,14159,10/7/2022,Full
17468,74,533.27,13874,10/15/2022,Partial
17468,66,1012.36,13940,10/21/2022,Full
17468,66,39.77,13997,10/21/2022,Full
17468,74,424.92,14102,10/15/2022,Partial
17468,74,108.35,14103,10/15/2022,Partial
17468,66,1012.36,14112,10/21/2022,Full
17468,102,81.45,14113,10/21/2022,Full
17468,102,39.77,14114,10/21/2022,Full
17468,74,424.92,14491,10/15/2022,Partial
17468,74,108.35,14492,10/15/2022,Partial
19367,174,390.4,15638,1/7/2023,Partial
19367,174,5,15678,1/7/2023,Partial
19367,131,550.16,15802,1/15/2023,Partial
19367,131,550.16,15841,1/15/2023,Partial
19367,130,500,15934,1/20/2023,Full
19367,130,211.12,15935,1/20/2023,Full
19367,130,3.5,15936,1/20/2023,Full
19367,130,1.94,15937,1/20/2023,Full
16142,80,850,19368,7/5/2023,Full
18989,69.63,482.98,9398,1/1/2022,Full
20667,103,284.15,5469,6/11/2021,Partial
20667,103,1,5470,6/11/2021,Partial
20667,71.42,602.52,5980,6/27/2021,Partial
20667,71.42,0.66,5981,6/27/2021,Partial
20667,56.22,643.83,6044,7/9/2021,Partial
20667,56.22,4.69,6045,7/9/2021,Partial
20667,43.32,2416.6,6425,7/29/2021,Full
20667,43.32,50.63,6426,7/29/2021,Full
22601,31.8,4635,18543,6/9/2023,Full
19874,102.3,614.2,16028,1/28/2023,Partial
19874,102.3,36.8,16029,1/28/2023,Partial
19874,64,861.3,16380,2/16/2023,Partial
19874,64,13,16381,2/16/2023,Partial
19874,51.2,1466.6,16549,2/27/2023,Full
19874,51.2,60.5,16550,2/27/2023,Full
19874,50,8,16591,3/7/2023,Full
12857,101,344.27,13296,9/18/2022,Partial
12857,101,0.79,13305,9/18/2022,Partial
12857,76.63,151.74,13487,9/29/2022,Partial
12857,76.63,1.12,13498,9/29/2022,Partial
12857,59.59,221.04,13648,10/10/2022,Partial
12857,59.59,6.67,13649,10/10/2022,Partial
12857,50.56,3029.79,13957,10/23/2022,Full
12857,50.56,83.87,13958,10/23/2022,Full
20664,170,110.67,9054,11/27/2021,Partial
20664,123,104.74,9055,12/7/2021,Partial
20664,125,186.89,9056,12/16/2021,Partial
20664,88,76.93,9057,1/5/2022,Full
20990,50,4.21,11626,7/4/2022,Full
18537,47,564.19,13947,10/15/2022,Full
18537,66,54.7,13960,10/15/2022,Full
18537,47,62.65,13961,10/15/2022,Full
18537,47,564.19,14106,10/15/2022,
18537,66,54.7,14107,10/15/2022,
18537,66,37.65,14108,10/15/2022,
18537,177,578.7,14294,11/14/2022,Partial
18537,47,564.19,14495,10/15/2022,Full
18537,66,54.7,14496,10/15/2022,Full
18537,47,37.65,14497,10/15/2022,Full
15065,24.4,6156,17256,3/16/2023,Full
21025,136,1904.5,14532,10/22/2022,Full
21025,180,444,14533,10/22/2022,Full
21025,180,3,14534,10/22/2022,Full
19072,111,814.85,12873,8/28/2022,Full
19372,91,652.71,17949,5/17/2023,Partial
19372,160,1.5,18000,5/17/2023,Partial
19372,91,0.39,18019,5/17/2023,Partial
19372,91,0.11,18085,5/17/2023,Partial
19372,76,649.47,18211,5/27/2023,Partial
19372,170,1.92,18212,5/27/2023,Partial
19372,63,1505.45,18656,6/16/2023,Full
19372,110,760.32,18657,6/16/2023,Full
20980,68.17,7059.74,9384,1/5/2022,Full
19433,89,571.6,10485,4/23/2022,Partial
19433,64,1110.6,10650,5/10/2022,Partial
19433,43,625.1,10932,6/2/2022,Partial
19433,40.75,2409.55,10933,6/4/2022,Failed
19433,60,174.06,10934,6/4/2022,Failed
19433,70,49.5,10935,6/4/2022,Failed
20971,59.5,623.67,14519,11/17/2022,Full
18760,65,150,12664,7/31/2022,Full
15767,95,143.18,11379,7/3/2022,
15767,92,321.21,11582,7/6/2022,
15767,92,51.04,11583,7/6/2022,Failed
18142,13.8,2071,17264,4/5/2023,Full
18653,101.7,297,14212,10/31/2022,Partial
18653,75,504,14395,11/10/2022,Partial
18653,75,20,14396,11/10/2022,Partial
18653,52,470,14658,11/24/2022,Partial
18653,50,15,14722,11/26/2022,Partial
18653,32,651,15093,12/15/2022,Full
18653,100,300,16007,1/26/2023,
18912,20.7,3526,15836,1/17/2023,Full
19518,130,430,14006,9/30/2022,Full
18616,106,163.85,13769,10/15/2022,Full
18616,150,66.95,13770,10/15/2022,Full
18616,130,5,13771,10/15/2022,Full
18616,130,0.2,13772,10/15/2022,Full
20841,33.3,4222,18861,6/22/2023,Full
16164,116.6,278.6,12098,7/22/2022,Full
16164,116.6,35.91,12099,7/22/2022,Full
16164,116.6,4,12100,7/22/2022,Full
19555,104,119,12185,7/28/2022,Partial
19555,69,113,12363,8/10/2022,Partial
19555,49,69.6,12817,8/23/2022,Partial
19555,42,662,12980,9/3/2022,Full
20976,188.19,190.67,11941,7/16/2022,Full
20976,188.19,18.69,11942,7/16/2022,Full
19069,105,51.08,15290,12/21/2022,Full
20600,77.93,583.05,12528,7/20/2022,Partial
20600,62.36,3875.07,12529,8/3/2022,Full
15213,45.8,3455.5,12814,8/23/2022,Full
15213,45.8,71,12815,8/23/2022,Full
17740,63.3,523,13556,8/1/2020,Full
19653,103.06,2002.48,8941,12/22/2021,Full
19653,128,65.4,8942,12/22/2021,Full
19653,103.06,2067.88,9397,12/22/2021,Full
19048,22.4,5511,16235,2/5/2023,Full
17125,99.35,596.66,12473,7/19/2022,Partial
17125,75.51,709.63,12474,8/1/2022,Partial
17125,64.07,3491.65,12475,8/12/2022,Full
14693,160,100,17184,4/7/2023,Partial
14693,143,100,17398,4/16/2023,Partial
14693,108,100,17498,4/24/2023,Partial
14693,108,50,17511,4/25/2023,Full
18740,167.6,98.66,12104,7/23/2022,Full
20401,71,292,9350,1/22/2022,Partial
20401,55,207.3,9507,2/5/2022,Partial
20401,95,18,9508,2/5/2022,Partial
20401,38,265.5,9598,2/17/2022,Full
20401,65.5,29.94,9599,2/17/2022,Full
20401,116,30.9,9796,1/22/2022,Partial
20978,21.8,5573,14935,11/21/2022,Full
17831,105,5,11226,6/25/2022,Full
17831,66.9,237.45,11228,6/25/2022,Full
18734,96,665.6,17944,5/17/2023,Partial
18734,170,5.05,17995,5/17/2023,Partial
18734,96,0.39,18014,5/17/2023,Partial
18734,96,0.11,18090,5/17/2023,Partial
18734,77,659.66,18201,5/27/2023,Partial
18734,160,7.21,18202,5/27/2023,Partial
18734,62,296.1,18590,6/13/2023,Partial
18734,140,2.03,18591,6/13/2023,Partial
18734,62,1.52,18592,6/13/2023,Partial
18734,53,401.69,18821,6/21/2023,Partial
18734,53,19.5,18822,6/21/2023,Partial
18734,52,1765.96,19013,6/30/2023,Full
18734,72,298.51,19014,6/30/2023,Full
18734,52,263.17,19015,6/30/2023,Full
18734,52,123.6,19096,6/30/2023,Full
20956,50,425,19497,7/7/2023,Full
17634,115,596,10745,5/21/2022,Partial
17634,80,11.5,10866,5/30/2022,Partial
17634,47,673.8,11150,6/21/2022,Partial
17634,29,726.8,12052,7/17/2022,Full
18744,64.61,392.52,12494,7/19/2022,Partial
18744,59.46,2822.48,12495,7/30/2022,Full
17225,91.91,158.26,12078,7/23/2022,Full
17225,91.91,3,12079,7/23/2022,Full
14972,70.92,55.32,12245,7/29/2022,Partial
14972,54.17,419.72,12451,8/12/2022,Full
14972,54.17,13.7,12452,8/12/2022,Full
14972,54.17,4,12453,8/12/2022,Full
22445,79.53,615.88,16075,1/30/2023,Partial
22445,140,51.04,16076,1/30/2023,Partial
22445,71.07,1413.94,16344,2/12/2023,Full
22445,130,263.8,16345,2/12/2023,Full
22445,96,80.39,16347,2/12/2023,Full
20662,152.7,343.5,15608,12/14/2022,Partial
20662,109.7,370.4,15743,1/3/2023,Partial
20662,83.5,2912.56,16136,1/23/2023,Full
20662,60,100,16511,2/24/2023,
16272,117.94,398.87,15896,1/23/2023,Partial
16272,117.94,34.75,15897,1/23/2023,Partial
16272,109.18,2227.02,16217,2/3/2023,Full
16272,109.18,223.26,16218,2/3/2023,Full
9096,88,475.25,16356,2/14/2023,Partial
9096,120,44.5,16359,2/14/2023,Partial
9096,43,792.8,16768,3/15/2023,Full
9096,43,8,16769,3/15/2023,Full
9096,62,75.56,16770,3/15/2023,Full
9096,62,14.3,16771,3/15/2023,Full
9096,43,16,16789,3/15/2023,Full
9096,50,1.96,16799,3/11/2023,Partial
21350,28.3,6225,15454,12/28/2022,Full
16154,35.4,5170,16515,2/21/2023,Full
10711,64,252,7220,10/4/2021,Full
19298,94.08,230.34,12243,7/29/2022,Partial
19298,94.08,6.91,12244,7/29/2022,Partial
19298,58.25,1052.73,12447,8/12/2022,Full
19298,58.25,22.91,12448,8/12/2022,Full
19298,58.25,4.95,12449,8/12/2022,Full
19298,58.25,25.73,12450,8/12/2022,Full
14289,115,1,5471,6/11/2021,Partial
14289,115,297.17,5472,6/11/2021,Partial
14289,74.26,517.84,5982,6/27/2021,Partial
14289,74.26,0.66,5983,6/27/2021,Partial
14289,60.19,596.13,6046,7/9/2021,Partial
14289,60.19,4.69,6047,7/9/2021,Partial
14289,46.746,2448.7,6427,7/30/2021,Full
14289,46.746,95.15,6428,7/30/2021,Full
18326,80.26,335.58,12491,7/19/2022,Partial
18326,66.83,396.08,12492,8/1/2022,Partial
18326,55.96,2061.86,12493,8/13/2022,Full
20438,87,270.53,15019,12/10/2022,Partial
20438,71,270.71,15323,12/20/2022,Partial
20438,71,9.34,15324,12/20/2022,Partial
20438,87,270.53,15998,12/11/2022,Partial
20438,87,7,15999,12/11/2022,Partial
20438,33,2528.42,16084,1/30/2023,Full
20438,51,81.24,16085,1/30/2023,Full
20438,33,63.57,16086,1/30/2023,Full
20438,33,15,16087,1/30/2023,Full
17747,113,1500,12598,6/18/2022,Failed
15221,155,150,12179,7/29/2022,Partial
15221,150,600,12428,8/7/2022,Full
18831,96.2,564,18453,6/7/2023,Full
19064,150,300,17591,4/25/2023,Full
15505,21.2,3454,15049,12/10/2022,Full
18833,87,735.01,17948,5/17/2023,Partial
18833,160,0.08,17999,5/17/2023,Partial
18833,87,0.39,18018,5/17/2023,Partial
18833,87,0.11,18086,5/17/2023,Partial
18833,70,690.54,18209,5/27/2023,Partial
18833,150,1.05,18210,5/27/2023,Partial
18833,54,373.03,18827,6/21/2023,Partial
18833,54,11.48,18828,6/21/2023,Partial
18833,46,1702.91,19189,7/2/2023,Full
18833,75,57.96,19190,7/2/2023,Full
18833,46,223.13,19191,7/2/2023,Full
18614,82,1800,19578,6/28/2023,Full
18029,125,1,5467,6/11/2021,Partial
18029,125,287.7,5468,6/11/2021,Partial
18029,84.98,558.2,5978,6/27/2021,Partial
18029,84.98,0.66,5979,6/27/2021,Partial
18029,66.08,659.18,6042,7/9/2021,Partial
18029,66.08,4.69,6043,7/9/2021,Partial
18029,48.021,2584.4,6423,7/30/2021,Full
18029,48.021,19.35,6424,7/30/2021,Full
16165,172,731,17829,5/8/2023,Full
19682,121.55,1300.21,17668,5/1/2023,Full
19692,67.8,355.4,16602,3/7/2023,Partial
19692,54,423.5,16894,3/21/2023,Partial
19692,46.5,435.34,17203,4/4/2023,Partial
19692,43.5,2167.9,17818,4/12/2023,Full
15217,175,310,15256,11/26/2022,Full
17746,139.2,524.86,15572,1/3/2023,Partial
17746,139.2,1.99,15573,1/3/2023,Partial
17746,98.69,787.87,15932,1/22/2023,Partial
17746,98.69,14.01,15933,1/22/2023,Partial
17746,84.1,1949.4,16181,2/2/2023,Full
17746,84.1,66.5,16182,2/2/2023,Full
20663,133,245.6,10382,4/24/2022,Partial
20663,133,1329.2,10383,4/24/2022,Full
16051,89,300,14789,11/26/2022,Full
16051,89,300,14973,11/26/2022,Full
9090,19.9,5639,14938,11/24/2022,Full
19683,168,320,10734,5/17/2022,Full
20953,96.16,1368.69,9227,1/19/2022,Partial
20953,56.05,3216.56,9421,2/4/2022,Full
20953,56.05,46,9422,2/4/2022,Full
20953,56.05,107.22,9423,2/4/2022,Full
13791,110,526.37,15173,11/25/2022,Partial
13791,77,937.89,15174,12/9/2022,Full
19252,130,407.22,15662,1/9/2023,Partial
19252,190,18.08,15760,1/9/2023,Partial
19252,94,630.02,15822,1/17/2023,Partial
19252,94,554.6,15871,1/17/2023,Partial
19252,63,294.06,16183,2/3/2023,Partial
19252,63,14.78,16184,2/3/2023,Partial
19252,175,1.42,16201,2/3/2023,Partial
19252,175,1.78,16205,2/3/2023,Partial
19252,190,75.42,16332,1/17/2023,Partial
19252,54.7,1621.4,16429,2/19/2023,Full
19252,54,3,16434,2/19/2023,Full
19252,54,3,16435,2/19/2023,Full
19252,113,33.81,16436,2/19/2023,Full
19252,113,1.25,16438,2/19/2023,Full
19252,54.7,25.58,16454,2/19/2023,Full
19252,113,2.1,16458,2/19/2023,Full
19252,54.7,10,16462,2/19/2023,Full
19252,54.7,7,16463,2/19/2023,Full
19252,54.7,1.2,16464,2/19/2023,Full
21662,38,3940,18296,5/30/2023,Partial
21662,33,3300,19159,6/24/2023,Full
20526,80,275.18,13523,10/3/2022,Partial
20526,80,94.69,13524,10/3/2022,Partial
20526,61,378.58,13939,10/15/2022,Full
20526,84,27.74,13995,10/15/2022,Full
20526,61,53.81,13996,10/15/2022,Full
20526,80,94.69,14098,10/3/2022,Partial
20526,61,378.54,14099,10/15/2022,
20526,84,27.74,14100,10/15/2022,
20526,84,53.81,14101,10/15/2022,Full
20526,61,378.54,14488,10/15/2022,Full
20526,84,27.74,14489,10/15/2022,Full
17563,109.05,1634.93,12117,7/24/2022,Full
17563,109.05,5.56,12118,7/24/2022,Full
9094,270,115,11591,6/21/2022,Full
14824,100,0.59,11624,7/4/2022,Full
18224,134.18,1145.39,17669,5/1/2023,Full
9105,105,2127.34,14145,8/23/2022,Partial
9105,69.2,1864.6,14146,9/3/2022,Partial
9105,50,2173.1,14147,9/13/2022,Partial
9105,41,1778.8,14148,9/27/2022,Partial
9105,34,9513.6,14149,10/10/2022,Full
12862,88,397.25,15015,12/10/2022,Partial
12862,88,6.24,15016,12/10/2022,Partial
12862,69,2511.48,15333,12/23/2022,Full
12862,69,170.67,15334,12/23/2022,Full
12862,74,1014.81,15474,12/19/2022,Partial
12862,74,9.79,15475,12/19/2022,Partial
12862,69,9.35,15476,12/23/2022,Full
15868,160.7,252.5,15583,11/23/2022,Partial
15868,111.8,514,15601,12/14/2022,Partial
15868,87,301.9,15742,1/3/2023,Partial
15868,79.7,2046.3,16133,1/20/2023,Full
21413,110,450,13027,9/7/2022,Partial
21413,75,380,13331,9/21/2022,Partial
21413,62,238.71,13411,9/29/2022,Full
21413,92,170.95,13412,9/29/2022,Full
17112,64.22,951.55,14607,11/19/2022,Partial
17112,101,54.55,14608,11/19/2022,Partial
17112,50.17,978.1,14873,12/3/2022,Partial
17112,82,69,14874,12/3/2022,Partial
17112,42.47,871.6,15041,12/12/2022,Partial
17112,72,54.4,15042,12/12/2022,Partial
18675,72.35,10356.59,9383,1/8/2022,Full
18028,57,300,13121,9/2/2022,Partial
18028,41,511.23,13660,9/19/2022,Full
16398,81,877.48,14121,10/22/2022,Partial
16398,62.2,869.55,14300,11/3/2022,Partial
16398,44.1,1117.15,14625,11/20/2022,Partial
16398,38,6513.34,14856,12/3/2022,Full
18609,117.74,375.69,12154,7/24/2022,Full
18609,117.74,26.08,12155,7/24/2022,Full
16335,132.55,1236.25,12077,7/23/2022,Full
19670,18.9,4946,16317,2/9/2023,Full
19044,159.9,319.4,15579,11/15/2022,Partial
19044,122,644,15596,11/29/2022,Partial
19044,96.4,1108,15597,12/19/2022,Partial
19044,78,360,15747,1/10/2023,Partial
19044,70,2778.97,16130,1/17/2023,Full
17274,28.1,5138,17258,3/15/2023,Full
12856,105.94,138.79,13293,9/18/2022,Partial
12856,75.88,1299.47,13480,9/29/2022,Full
12856,75.88,58.28,13481,9/29/2022,Full
18751,100,2000,12670,4/11/2022,Failed
12505,95.87,571.27,12566,7/20/2022,Partial
12505,75.15,386.06,12567,8/2/2022,Partial
12505,73.49,3748.04,12568,8/3/2022,Full
19684,91,692.18,17940,5/17/2023,Partial
19684,170,4.57,17991,5/17/2023,Partial
19684,91,0.39,18008,5/17/2023,Partial
19684,91,0.11,18094,5/17/2023,Partial
19684,74,659.31,18193,5/27/2023,Partial
19684,160,0.96,18194,5/27/2023,Partial
19684,54,519.35,18581,6/13/2023,Partial
19684,140,0.91,18582,6/13/2023,Partial
19684,54,4.08,18583,6/13/2023,Partial
19684,49,445.48,18813,6/21/2023,Partial
19684,49,8.81,18814,6/21/2023,Partial
19684,46,2039.88,19141,7/1/2023,Full
19684,71,132.71,19142,7/1/2023,Full
19684,46,226.11,19143,7/1/2023,Full
18367,111.77,338.66,12559,7/20/2022,Partial
18367,90.38,198.15,12560,8/2/2022,Partial
18367,82.96,1743.2,12561,8/3/2022,Full
20409,153,378.82,15666,1/9/2023,Partial
20409,190,26,15753,1/9/2023,Partial
20409,190,10.2,15761,1/9/2023,Partial
20409,130,557.46,15812,1/16/2023,Partial
20409,130,492.54,15862,1/16/2023,Partial
20409,130,15,15866,1/16/2023,Partial
20409,180,47.7,15952,1/16/2023,Partial
20409,180,0.52,15983,1/16/2023,Partial
20409,180,1.7,15986,1/17/2023,Partial
20409,113,1370.42,16092,1/24/2023,Full
20409,113,2.7,16093,1/24/2023,Full
20409,245,27.94,16097,1/24/2023,Full
20409,113.6,2.86,16116,1/24/2023,Full
14097,180,147.28,12297,8/5/2022,Full
14097,90,1044.41,12298,8/5/2022,Full
16050,123,300,12051,6/26/2022,Full
19688,26,3475,15455,12/26/2022,Full
18025,135,354.5,16069,1/30/2023,Partial
18025,125.92,590.77,16349,2/12/2023,Full
19247,116.37,311.65,5909,6/18/2021,Partial
19247,116.37,0.5,5910,6/18/2021,Partial
19247,83.69,369.26,6008,6/30/2021,Partial
19247,83.69,2.66,6009,6/30/2021,Partial
19247,70.74,397.59,6010,7/8/2021,Partial
19247,70.74,4.8,6011,7/8/2021,Partial
19247,51.982,2586.8,6443,7/28/2021,Full
19247,51.982,90.8,6444,7/28/2021,Full
12853,36.99,729.63,12158,7/25/2022,Full
12853,36.99,4.01,12159,7/25/2022,Full
18753,145.1,1235.23,12082,7/22/2022,Full
18753,145.1,2.21,12083,7/22/2022,Full
20190,69,300,14972,12/2/2022,Full
21347,90.8,477.54,18243,5/3/2023,Partial
21347,81.1,508.84,18244,5/16/2023,Partial
21347,75.28,477.68,18337,5/30/2023,Partial
21347,75.28,1183.6,18526,6/3/2023,Full
16880,111.76,338.11,13267,9/19/2022,Partial
16880,11.76,1.28,13277,9/19/2022,Partial
16880,91.23,292.14,13459,9/30/2022,Partial
16880,91.23,4.62,13470,9/30/2022,Partial
16880,79.62,592.2,13672,10/11/2022,Partial
16880,79.62,15.42,13673,10/11/2022,Partial
16880,69.58,4688.31,14059,10/25/2022,Full
16880,69.58,219.88,14060,10/25/2022,Full
18834,97.91,235.25,11154,6/18/2022,Partial
18834,97.91,10.36,11161,6/18/2022,Partial
18834,65.88,329.39,11358,6/30/2022,Partial
18834,65.88,8.73,11359,6/30/2022,Partial
18834,38.5,996.21,12165,7/26/2022,Full
18834,38.5,13.44,12166,7/26/2022,Full
18834,38.5,2,12193,7/26/2022,Full
14438,250,170,17542,4/21/2023,Full
12357,106.5,298.33,13292,9/18/2022,Partial
12357,106.5,1.95,13302,9/18/2022,Partial
12357,83,160.28,13484,9/29/2022,Partial
12357,83,2.78,13495,9/29/2022,Partial
12357,68.1,246.13,13658,10/10/2022,Partial
12357,68.1,8,13659,10/10/2022,Partial
12357,57.2,3133.36,13926,10/21/2022,Full
12357,57.2,148.62,13927,10/21/2022,Full
19049,81.42,667.59,13133,9/14/2022,Partial
19049,81.42,4.92,13134,9/14/2022,Partial
19049,50.7,2662.3,13713,10/12/2022,Full
19049,68.3,28.3,13714,10/12/2022,Full
19049,50.7,21.7,13715,10/12/2022,Full
19049,68.3,7.8,13728,10/12/2022,Full
19049,68.3,7,13841,10/17/2022,finishing (pengesatan)
16465,110,422.11,11902,7/16/2022,Partial
16465,188,233.52,12295,8/5/2022,Full
16465,90,891.17,12296,8/5/2022,Full
16465,188,44.92,12300,7/16/2022,Partial
7616,54,500,13545,9/15/2022,Full
7616,70,200,13546,9/2/2022,Partial
20669,121,300.89,5433,6/11/2021,Partial
20669,121,1,5459,6/11/2021,Partial
20669,80,506.04,5966,6/27/2021,Partial
20669,80,0.66,5967,6/27/2021,Partial
20669,63.38,573.53,6034,7/9/2021,Partial
20669,63.38,4.69,6035,7/9/2021,Partial
20669,52.964,2688.4,6415,7/30/2021,Full
20669,52.964,44.33,6416,7/30/2021,Full
15402,109,536.61,10157,2/21/2022,Partial
15402,78,488.45,10158,3/7/2022,Partial
15402,59,655.11,10159,3/21/2022,Partial
15402,47,681.55,10160,3/28/2022,Full
16159,76,1300,13163,8/17/2022,Partial
16159,47,700,13164,9/6/2022,Full
20614,65.2,437.3,16609,3/9/2023,Partial
20614,47,514.05,16900,3/21/2023,Partial
20614,37,384.2,17199,4/8/2023,Partial
20614,33.8,2506.1,17824,4/11/2023,Full
20024,73.45,873.84,16537,2/26/2023,Partial
20024,130,7.84,16538,2/26/2023,Partial
20024,57.2,855.46,16676,3/12/2023,Partial
20024,104,5.01,16677,3/12/2023,Partial
20024,42.87,472.43,17065,3/30/2023,Partial
20024,82,2.25,17066,3/30/2023,Partial
20024,29,147,17423,4/17/2023,Partial
20024,29,799,17485,4/18/2023,Full
10704,96,277,14234,6/25/2022,Full
10704,96,277,15544,6/25/2022,Full
17404,10.7,90.7,16018,1/20/2023,Full
19306,81,672.74,17943,5/17/2023,Partial
19306,81,65,17982,5/17/2023,Partial
19306,180,1.38,17994,5/17/2023,Partial
19306,81,0.39,18013,5/17/2023,Partial
19306,81,0.11,18091,5/17/2023,Partial
19306,62,763.48,18199,5/27/2023,Partial
19306,150,2.38,18200,5/27/2023,Partial
19306,51,224.86,18819,6/21/2023,Partial
19306,51,12.14,18820,6/21/2023,Partial
19306,46,1341.34,19195,7/2/2023,Full
19306,69,50.15,19196,7/2/2023,Full
19306,46,195.5,19197,7/2/2023,Full
17403,137,250,17290,4/12/2023,Partial
17403,104,223,17425,4/17/2023,Partial
17403,66,215,17615,4/29/2023,Partial
17403,29,809,18598,6/13/2023,Full
18536,92.6,417.23,13619,10/9/2022,Full
18536,92.6,10.22,13621,10/9/2022,Full
19519,68,2414,15124,12/16/2022,Full
19519,75,30,15125,12/16/2022,Full
18056,169,324,15574,11/15/2022,Partial
18056,120,624,15585,11/29/2022,Partial
18056,94.2,964,15586,12/19/2022,Partial
18056,88,2514.8,15748,1/8/2023,Full
20184,77.14,363.55,12496,7/19/2022,Partial
20184,62.61,391.61,12497,8/1/2022,Partial
20184,53.94,1980.34,12498,8/13/2022,Full
18535,30.9,5341,18158,5/24/2023,Full
17475,77.5,855.3,19430,6/8/2023,Full
18231,200,100,13231,9/18/2022,Full
22268,50,4500,13021,8/15/2022,Full
22184,20.5,5306,15964,1/22/2023,Full
16156,91,383.07,15013,12/10/2022,Partial
16156,91,8.96,15014,12/10/2022,Partial
16156,71,885.9,15316,12/20/2022,Partial
16156,71,38.41,15317,12/20/2022,Partial
16156,71,2511.94,15331,12/22/2022,Full
16156,71,177.12,15332,12/22/2022,Full
16156,71,6,16000,12/20/2022,Partial
18671,24.8,5798.8,17774,5/4/2023,Full
21273,96.15,731.33,15924,1/21/2023,Partial
21273,96.15,34.34,15925,1/21/2023,Partial
21273,72.95,1441.33,16171,2/2/2023,Full
21273,72.95,29.53,16172,2/2/2023,Full
16341,107,510,8961,12/22/2021,Partial
16341,64,528,9157,1/8/2022,Partial
16341,31,431,9546,2/15/2022,Full
16341,61,5,9547,2/15/2022,Full
16341,30,23,9548,2/15/2022,Full
16341,61,5,9549,2/15/2022,Full
16393,130.71,158.88,12116,7/24/2022,Full
17753,126.8,2750,10488,4/25/2022,Failed
16360,93,200,13742,9/20/2022,Full
16360,120,250,13743,9/20/2022,Full
18559,220,450,13624,9/25/2022,Full
15316,83,3000,13687,8/27/2022,Failed
19529,120,450,11492,7/4/2022,Partial
19529,88,250,11952,7/17/2022,Partial
19529,75,310,12142,7/25/2022,Full
18253,187,250,15640,1/7/2023,Partial
18253,180,108.5,15641,1/7/2023,Partial
18253,187,86.46,15680,1/7/2023,Partial
18253,121,500,15890,1/18/2023,Full
18253,121,440.86,15891,1/18/2023,Full
18253,121,430.46,15892,1/18/2023,Full
18253,121,97.48,15893,1/18/2023,Full
16091,90,159.7,13507,10/3/2022,Full
16091,90,23.5,13511,10/3/2022,Full
16091,90,4.5,13532,10/3/2022,Full
15756,161,1.24,16827,2/27/2023,Partial
15756,120,1.66,16830,3/6/2023,Partial
15756,130,1.38,16831,3/6/2023,Partial
15756,95,2.29,16832,3/13/2023,Partial
15756,65,2.41,17085,3/27/2023,Partial
15756,79,2.47,17087,3/20/2023,Partial
15756,57,2.59,17294,4/3/2023,Partial
15756,52,2.71,17297,4/9/2023,Partial
15756,51,865.6,17300,4/11/2023,Full
15756,90,30.5,17303,4/11/2023,Full
15756,60,16,17306,4/11/2023,Full
15773,80,95.8,12089,7/22/2022,Full
17626,138,262.85,14344,11/5/2022,Full
19370,40,10300,13024,8/25/2022,Full
17438,68.15,449.26,6356,8/4/2021,Partial
17438,51.8,1086.95,6555,8/17/2021,Full
14587,120,250,13078,7/26/2022,Full
18237,20.6,5610,17779,5/5/2023,Full
22813,159.4,324.5,15576,11/15/2022,Partial
22813,113,674,15589,11/29/2022,Partial
22813,80.7,1147,15590,12/19/2022,Partial
22813,68.3,3147.7,16128,1/13/2023,Full
19124,143,661.2,14543,10/28/2022,Full
19124,180,330,14544,10/28/2022,Full
19124,180,39.6,14545,10/28/2022,Full
19124,180,22.15,14546,10/29/2022,Full
19124,141,974.1,14563,10/23/2022,Full
19124,170,2,14564,10/23/2022,Full
19124,170,20,14565,10/23/2022,Full
16573,112,667.8,14160,8/23/2022,Partial
16573,80.9,1259.4,14161,9/3/2022,Partial
16573,58,1339,14162,9/13/2022,Partial
16573,42.1,1196.2,14163,9/27/2022,Partial
16573,33.9,4193.6,14164,10/7/2022,Full
18149,121,277,10858,5/29/2022,Partial
18149,86,209,10986,6/10/2022,Partial
18149,67,200,11185,6/23/2022,Partial
18149,54.25,124.9,11372,7/3/2022,Partial
18149,43,770,11953,7/18/2022,Full
19065,53.01,1234,9400,1/10/2022,Full
23529,146,395,15668,1/9/2023,Partial
23529,190,30,15752,1/9/2023,Partial
23529,190,12,15759,1/9/2023,Partial
23529,126,570.7,15819,1/17/2023,Partial
23529,126,512.74,15876,1/17/2023,Partial
23529,126,25,15879,1/17/2023,Partial
23529,126,15,15880,1/17/2023,Partial
23529,180,2.54,15988,1/17/2023,Partial
23529,180,15,15991,1/17/2023,Partial
23529,180,0.42,15992,1/17/2023,Partial
23529,76,998.72,16432,2/19/2023,Full
23529,126,114.84,16441,2/19/2023,Full
23529,126,14,16442,2/19/2023,Full
23529,76,1.92,16457,2/19/2023,Full
23529,126,0.94,16461,2/19/2023,Full
23529,126,1.18,16466,2/19/2023,Full
23529,126,1,16467,2/19/2023,Full
23529,126,1.02,16468,2/19/2023,Full
23529,126,1.02,16469,2/19/2023,Full
23529,126,1.08,16470,2/19/2023,Full
23529,126,1.34,16471,2/19/2023,Full
23529,126,5,16472,2/19/2023,Full
23529,180,1.24,16474,2/19/2023,Full
23529,180,1,16475,2/19/2023,Full
23529,180,0.84,16476,2/19/2023,Full
23529,180,8,16477,2/19/2023,Full
23529,180,1,16478,2/19/2023,Full
23529,180,1,16479,2/19/2023,Full
23529,180,1,16480,2/19/2023,Full
23529,180,1,16481,2/19/2023,Full
23529,180,1,16482,2/19/2023,Full
15301,82.91,614.32,16539,2/26/2023,Partial
15301,150,12.1,16540,2/26/2023,Partial
15301,62.39,685.2,16678,3/12/2023,Partial
15301,100,33.19,16679,3/12/2023,Partial
15301,49.86,511.21,17067,3/30/2023,Partial
15301,100,9.26,17068,3/30/2023,Partial
15301,39.82,890.24,17420,4/14/2023,Full
15301,70,8.24,17421,4/14/2023,Full
15804,275.6,695.86,14840,12/1/2022,Full
15804,275.6,120.64,14841,12/1/2022,Full
15804,275.6,51.87,14842,12/1/2022,Full
16250,44,1500,13558,6/12/2021,Full
15487,28.4,5709,14937,11/22/2022,Full
15106,246,39.89,10306,4/19/2022,Full
20666,140,184,14413,11/10/2022,Full
12705,160,60,16536,2/28/2023,Partial
12705,110,220,16625,3/10/2023,Partial
12705,110,180,16671,3/12/2023,Full
17717,100,149.52,9106,11/13/2021,Partial
17717,89,102.71,9108,11/30/2021,Partial
17717,67,127.35,9109,12/20/2021,Full
18925,150,351,15580,11/23/2022,Partial
18925,101.4,645.5,15598,12/14/2022,Partial
18925,77.5,2295.1,15749,1/6/2023,Full
19316,16.7,4457,16371,2/14/2023,Full
14220,500,20,17186,4/7/2023,Full
17726,83.61,567.42,15283,12/19/2022,Partial
17726,83.61,19.43,15284,12/19/2022,Partial
17726,63.58,758.55,15507,1/3/2023,Partial
17726,63.58,22.68,15527,1/3/2023,Partial
17726,60.36,761.14,15777,1/12/2023,Full
17726,60.36,49.43,15778,1/12/2023,Full
18427,153,440.66,15658,1/8/2023,Partial
18427,153,20,15660,1/8/2023,Partial
18427,192,33,15690,1/8/2023,Partial
18427,192,3.2,15771,1/8/2023,Partial
18427,119,597.22,15818,1/17/2023,Partial
18427,119,575.42,15875,1/17/2023,Partial
18427,180,11,15995,1/17/2023,Partial
18427,225,9.02,16006,1/17/2023,Partial
18427,98,1018.82,16103,1/25/2023,Full
18427,182.5,52.34,16110,1/25/2023,Full
18427,182.5,3,16327,1/25/2023,Full
18427,225,1.78,16335,1/17/2023,Partial
17742,220,150,17568,4/23/2023,Full
15068,98.9,898.13,14125,10/22/2022,Partial
15068,72.2,868.08,14303,11/3/2022,Partial
15068,63.9,5113,14414,11/10/2022,Full
15942,350,34,17098,3/22/2023,Partial
15942,344,80,17099,3/29/2023,Full
16136,32.5,5449,18138,5/23/2023,Full
15490,115,886.55,14182,8/23/2022,Partial
15490,82.1,1220,14183,9/3/2022,Partial
15490,55,980.9,14184,9/13/2022,Partial
15490,40.1,985,14185,9/27/2022,Partial
15490,31.2,3229.8,14186,10/12/2022,Full
17043,83,223.4,16355,2/14/2023,Partial
17043,115,21.65,16358,2/14/2023,Partial
17043,37,451.86,16764,3/15/2023,Full
17043,37,14,16765,3/15/2023,Full
17043,56,45.66,16766,3/15/2023,Full
17043,56,8.6,16767,3/15/2023,Full
17043,43,2.3,16798,3/11/2023,Partial
17187,200,90,17355,4/12/2023,Full
15516,57.74,208.35,15528,1/3/2023,Full
15516,57.74,6.05,15529,1/3/2023,Full
15516,57.74,7.8,15530,1/3/2023,Full
16575,37.4,2325,18860,6/21/2023,Full
16563,109,1192.85,14150,8/23/2022,Partial
16563,72.1,904.9,14151,9/3/2022,Partial
16563,55,911,14152,9/13/2022,Partial
16563,42.2,841.9,14153,9/27/2022,Partial
16563,32.3,3362.8,14154,10/12/2022,Full
18591,99,40,17382,4/16/2023,Partial
18591,65,40,17817,4/30/2023,Partial
18591,50,40,17858,5/12/2023,Partial
18591,47,80,17977,5/16/2023,Full
20660,153,424.34,15665,1/9/2023,Partial
20660,119,547.06,15824,1/17/2023,Partial
20660,119,506.24,15872,1/17/2023,Partial
20660,225,40.82,16003,1/17/2023,Partial
20660,106,1188.58,16107,1/25/2023,Full
20660,182.5,69.24,16113,1/25/2023,Full
20660,182.5,24.66,16331,1/25/2023,Full
16267,89.3,531.06,15279,12/19/2022,Partial
16267,89.3,31.15,15280,12/19/2022,Partial
16267,71.91,654.23,15523,1/2/2023,Partial
16267,71.91,30.39,15524,1/2/2023,Partial
16267,72.93,729.84,15775,1/12/2023,Full
16267,72.93,166.83,15776,1/12/2023,Full
17739,98,100,9121,11/13/2021,Partial
17739,81,122.2,9122,11/30/2021,Partial
17739,64,145.5,9123,12/20/2021,Full
22307,160,250,12213,7/25/2022,Full
19687,150,250,10726,4/25/2022,Full
19687,227,130,11863,7/15/2022,Partial
19687,208,74,12152,7/27/2022,Full
15832,88.2,276.5,16607,3/7/2023,Partial
15832,65.6,392.6,16899,3/21/2023,Partial
15832,53.4,436,17195,4/4/2023,Partial
15832,46,2289.75,17823,4/11/2023,Full
18635,250,39,14264,10/30/2022,Full
21595,91,658.17,17950,5/17/2023,Partial
21595,200,0.07,18001,5/17/2023,Partial
21595,91,0.39,18020,5/17/2023,Partial
21595,91,0.11,18083,5/17/2023,Partial
21595,78,666.84,18213,5/27/2023,Partial
21595,150,2.85,18214,5/27/2023,Partial
21595,58,212,18829,6/21/2023,Partial
21595,58,8.29,18830,6/21/2023,Partial
21595,49,1720.88,19264,7/3/2023,Full
21595,72,134.44,19265,7/3/2023,Full
21595,49,123.99,19266,7/3/2023,Full
19530,85,4200,13757,10/10/2022,Failed
17729,81,300,12455,8/10/2022,Full
20521,300,300,15661,1/6/2023,Failed
18359,122,1365.4,14504,10/17/2022,Full
18359,163,154.85,14505,10/17/2022,Full
15289,120.4,271,14436,11/12/2022,Full
15289,120.4,18.5,14437,11/12/2022,Full
17628,20.8,5499,15838,1/16/2023,Full
12868,71.37,333.22,12465,8/1/2022,Partial
12868,90.39,323.54,12468,7/19/2022,Partial
12868,63.53,1667.36,12469,8/12/2022,Full
21098,141,130.69,9132,11/27/2021,Partial
21098,99,135.76,9133,12/8/2021,Partial
21098,88,165.06,9134,12/16/2021,Partial
21098,62,132,9136,1/5/2022,Full
19369,110,1800.65,14506,10/17/2022,Full
19369,110,1.5,14507,10/17/2022,Full
19369,163,129.8,14508,10/17/2022,Full
19369,163,90,14509,10/17/2022,Full
19369,163,330,14510,10/17/2022,Full
19253,99,142,15447,11/17/2021,Partial
19253,77,78,15448,12/1/2021,Partial
19253,53,250,15449,12/11/2021,Full
9095,130,70,19484,7/9/2023,Full
15782,128.47,540.39,15540,1/3/2023,Partial
15782,128.47,4.44,15541,1/3/2023,Partial
15782,90.28,766.59,15922,1/21/2023,Partial
15782,90.28,23.25,15923,1/21/2023,Partial
15782,78.74,1557.61,16169,2/2/2023,Full
15782,78.74,31.89,16170,2/2/2023,Full
13308,69.87,5875.57,9385,1/1/2022,Full
19214,104.77,360.75,12113,7/24/2022,Full
19214,104.77,18.64,12114,7/24/2022,Full
19214,104.77,1.8,12115,7/24/2022,Full
14630,92,677.6,17942,5/17/2023,Partial
14630,190,1.53,17993,5/17/2023,Partial
14630,92,0.39,18012,5/17/2023,Partial
14630,92,0.11,18092,5/17/2023,Partial
14630,71,648.06,18197,5/27/2023,Partial
14630,150,3.39,18198,5/27/2023,Partial
14630,54,524.45,18587,6/13/2023,Partial
14630,120,2.01,18588,6/13/2023,Partial
14630,54,1.27,18589,6/13/2023,Partial
14630,49,488.77,18817,6/21/2023,Partial
14630,49,9.18,18818,6/21/2023,Partial
14630,43,3225.15,19260,7/3/2023,Full
14630,72,60.12,19261,7/3/2023,Full
14630,43,233.08,19262,7/3/2023,Full
18937,97.35,0.5,5903,6/18/2021,Partial
18937,97.35,400.59,5904,6/18/2021,Partial
18937,70.06,438.53,5996,6/30/2021,Partial
18937,70.06,2.66,5997,6/30/2021,Partial
18937,58.02,445.07,5998,7/8/2021,Partial
18937,58.02,4.8,5999,7/8/2021,Partial
18937,43.358,2287.2,6437,7/28/2021,Full
18937,43.358,39,6438,7/28/2021,Full
21020,30.8,376.2,18500,6/6/2023,Full
18923,120,528.4,10112,3/27/2022,Partial
18923,73.5,765.1,10138,4/8/2022,Partial
18923,48.99,1072.7,10349,4/20/2022,Partial
18923,50,3013.6,10357,4/21/2022,Full
18923,50,276.65,10358,4/21/2022,Full
16509,175,295,15142,12/10/2022,Full
18467,15.1,3280,15479,12/30/2022,Full
19872,48,5741,12901,8/3/2022,Full
22404,41,581,13369,9/9/2022,Full
16052,54.8,3317.5,16121,2/2/2023,Full
16052,58.4,24,16148,2/2/2023,Full
16052,54.8,59,16149,2/2/2023,Full
16708,61,348,11055,6/14/2022,Partial
16708,45.5,273.3,11384,7/2/2022,Partial
16708,69,59.14,11385,7/2/2022,Partial
16708,42,120,11616,7/9/2022,Full
17696,113.37,317.52,15894,1/23/2023,Partial
17696,113.37,25.25,15895,1/23/2023,Partial
17696,99.63,2780.21,16223,2/4/2023,Full
17696,99.63,248.51,16224,2/4/2023,Full
20216,86,214.25,10921,6/4/2022,Partial
20216,150,18.05,10922,6/4/2022,Partial
20216,64,206,11088,6/17/2022,Full
20216,106,61.95,11089,6/17/2022,Full
20992,88.33,580.58,12341,8/5/2022,Full
20992,88.33,38.43,12342,8/5/2022,Full
19681,137,436.34,15669,1/9/2023,Partial
19681,118,585.22,15810,1/16/2023,Partial
19681,118,525.48,15858,1/16/2023,Partial
19681,180,50,15973,1/17/2023,Partial
19681,180,0.44,15987,1/17/2023,Partial
19681,180,9.3,15989,1/17/2023,Partial
19681,100,1148.6,16090,1/24/2023,Full
19681,100,4.72,16091,1/24/2023,Full
19681,245,4.76,16099,1/24/2023,Full
19681,195,1.94,16101,1/24/2023,Full
19681,100.3,3.2,16115,1/24/2023,Full
19681,100.3,2,16119,1/24/2023,Full
22273,75,205,15335,12/23/2022,Full
19098,100.94,99.05,13276,9/19/2022,Partial
19098,82.29,154.96,13467,9/30/2022,Partial
19098,82.29,0.8,13479,9/30/2022,Partial
19098,59.22,2388.88,14053,10/25/2022,Full
19098,59.22,55.14,14054,10/25/2022,Full
17456,132.7,435.5,15604,12/5/2022,Partial
17456,101,482,15739,12/27/2022,Partial
17456,65.2,4370.5,16138,1/25/2023,Full
21182,155.32,331.52,16674,3/12/2023,Partial
21182,71.94,1092.32,17418,4/14/2023,Full
21182,120,12.56,17419,4/14/2023,Full
21182,120,13.86,17689,4/14/2023,Full
18920,112.9,86.2,13566,1/26/2021,Partial
18920,69,212.1,13567,2/11/2021,Partial
18920,44.4,140.5,13568,3/2/2021,Full
19375,120,450,10651,5/7/2022,Full
19375,208,122.5,11789,7/12/2022,Partial
19375,208,122.5,11868,7/12/2022,Partial
19375,170,220,12072,7/21/2022,Full
15288,24.2,5467,17262,3/19/2023,Full
16336,85.85,403.28,18523,6/10/2023,Full
17687,500,20,11181,6/12/2022,Full
15853,110.36,312.74,13269,9/19/2022,Partial
15853,110.36,1.32,13279,9/19/2022,Partial
15853,82.64,231.59,13461,9/30/2022,Partial
15853,82.64,2.47,13472,9/30/2022,Partial
15853,60.92,4663.95,14049,10/26/2022,Full
15853,60.92,153.97,14050,10/26/2022,Full
16155,63,426.3,11580,7/6/2022,Failed
16155,63,74.95,11581,7/6/2022,Failed
16251,107,141,12569,7/27/2022,Full
16251,200,300,12570,7/27/2022,Full
16799,213,219.35,15555,1/5/2023,Partial
16799,328,35.63,15556,1/5/2023,Partial
16799,203,398,15786,1/15/2023,Full
15970,20.4,4783,14936,11/23/2022,Full
20834,94.78,320.21,16541,2/26/2023,Partial
20834,160,7.06,16542,2/26/2023,Partial
20834,71.13,585.62,16680,3/12/2023,Partial
20834,110,27.87,16681,3/12/2023,Partial
20834,52.72,505.33,17069,3/30/2023,Partial
20834,90,7.28,17070,3/30/2023,Partial
20834,41.58,851.2,17422,4/14/2023,Full
15503,160,200,19565,7/11/2023,Full
19696,95.17,304.47,13263,9/19/2022,Partial
19696,95.17,3.03,13264,9/19/2022,Partial
19696,77.98,281.84,13457,9/30/2022,Partial
19696,77.98,4.15,13468,9/30/2022,Partial
19696,62.58,455.29,13634,10/11/2022,Partial
19696,62.58,2.5,13635,10/11/2022,Partial
19696,55.68,3232.26,13880,10/19/2022,Full
19696,55.68,60.27,13881,10/19/2022,Full
14096,124,121,13067,9/9/2022,Partial
14096,95,190,13250,9/20/2022,Partial
14096,73,300,13431,10/1/2022,Partial
14096,300,73,13434,10/1/2022,Partial
14096,59,334,13663,10/11/2022,Partial
14096,55,1098,13794,10/16/2022,Full
17941,124.28,102.22,19008,6/27/2023,Full
17941,124.28,51.5,19379,6/27/2023,Full
18134,89,737.6,4745,4/12/2021,Partial
18134,78,2540.3,4910,4/20/2021,Failed
20610,146.4,357.5,15578,11/15/2022,Partial
20610,83.8,1040,15594,12/19/2022,Partial
20610,113,677,15595,11/29/2022,Partial
20610,65.8,348,15746,1/10/2023,Partial
20610,57.7,3224.3,16132,1/19/2023,Full
17063,165,200,13403,9/16/2022,Full
16167,25.3,5383,14940,12/6/2022,Full
16611,94.5,1170,10292,4/17/2022,Partial
16611,84,664.6,10496,4/29/2022,Partial
16611,62.5,706.4,10772,5/20/2022,Partial
16611,55.1,3368.1,10878,5/30/2022,Full
19640,79.09,620.1,11554,6/6/2022,Full
19640,158.62,23.29,11555,6/6/2022,Full
20750,104,1099.6,19427,6/6/2023,Full
18789,80,120,11381,6/28/2022,Full
20989,32,5400,15354,12/16/2022,Full
19671,74,400,14708,11/22/2022,Full
16958,81.9,948.11,14124,10/22/2022,Partial
16958,62.9,949.53,14302,11/3/2022,Partial
16958,44.1,1187.26,14627,11/20/2022,Partial
16958,38.6,6090.19,14796,11/30/2022,Full
21967,109,1288.15,14515,10/18/2022,Full
21967,109,3.3,14516,10/18/2022,Full
21967,109,196.75,14517,10/18/2022,Full
21967,177,85.4,14518,10/18/2022,Full
16055,47,4100,12427,7/30/2022,Full
19078,23.5,4827,15963,1/19/2023,Full
20407,70.35,876.74,6351,8/4/2021,Partial
20407,51.83,1446.1,6553,8/17/2021,Full
10703,109.51,375.8,16071,1/30/2023,Partial
10703,202,46.99,16072,1/30/2023,Partial
10703,106.75,822.59,16342,2/12/2023,Full
10703,210,188.35,16343,2/12/2023,Full
7615,30.8,5472,18441,6/6/2023,Full
23359,117,432.3,13817,10/14/2022,Partial
23359,108,1121.42,14194,10/22/2022,Full
23359,108,347.77,14195,10/22/2022,Full
23359,117,146.4,14454,10/14/2022,Partial
23359,108,1121.42,14458,10/12/2022,Partial
23359,108,347.77,14459,10/12/2022,Partial
17405,84.38,257.93,16073,1/30/2023,Partial
17405,138,35.81,16074,1/30/2023,Partial
17405,75.75,953.01,16346,2/12/2023,Full
17405,132,196.56,16348,2/12/2023,Full
17405,110,11.17,16350,2/12/2023,Full
21598,100,313.27,13287,9/18/2022,Partial
21598,100,0.88,13299,9/18/2022,Partial
21598,79.53,135.25,13489,9/29/2022,Partial
21598,79.53,2.55,13500,9/29/2022,Partial
21598,64.05,299.01,13640,10/10/2022,Partial
21598,64.05,10.21,13641,10/10/2022,Partial
21598,60.75,3311.11,13856,10/18/2022,Full
21598,60.75,151.17,13857,10/18/2022,Full
9106,103.62,364.22,13275,9/19/2022,Partial
9106,103.62,1.37,13285,9/19/2022,Partial
9106,79.09,299.96,13466,9/30/2022,Partial
9106,79.09,2.64,13478,9/30/2022,Partial
9106,68,382.1,13668,10/11/2022,Partial
9106,68,5.27,13669,10/11/2022,Partial
9106,62.74,4060.63,13888,10/20/2022,Full
9106,62.74,101.02,13889,10/20/2022,Full
15983,150,210,19495,7/7/2023,Full
16802,100,1700,12718,6/28/2022,Failed
18360,102,472,16017,1/28/2023,Partial
18360,102,460,16053,1/28/2023,
18360,88,303,16210,2/4/2023,Partial
18360,75.1,524.2,16268,2/10/2023,Partial
18360,69.4,947.4,16372,2/16/2023,Partial
18360,69.4,958.6,16390,2/17/2023,Partial
18360,69.4,229.28,16422,2/18/2023,Full
18360,140.6,404.8,19026,5/29/2023,
18360,116.6,403.2,19029,6/5/2023,
18360,100,575,19031,6/12/2023,
18360,89.7,337.5,19032,6/19/2023,
18360,76.92,628.62,19034,6/23/2023,
18360,63.5,523.46,19157,7/1/2023,
18360,185,470.5,19162,10/1/2022,
18360,58,573.1,19555,7/9/2023,
18360,54,491.1,19557,7/10/2023,
18360,52,534.14,19631,7/14/2023,
18360,51,469.6,19632,7/14/2023,
18360,49,528.12,19654,7/15/2023,
18360,100,50,19655,7/15/2023,
17885,108,240,14660,11/19/2022,Partial
17885,79,240,14843,11/26/2022,Partial
17885,59,193,14903,12/7/2022,Partial
17885,41.5,1120,15252,12/20/2022,Full
18755,83,480.5,11223,6/25/2022,Full
18755,134,62.5,11224,6/25/2022,Full
18755,83,29.3,11227,6/25/2022,Full
15434,63,300,18109,9/26/2018,Full
18148,22.2,4817,16015,1/25/2023,Full
15307,134.64,257.3,17667,5/1/2023,Partial
15307,107.58,815.46,17914,5/13/2023,Full
15307,215,21.8,17916,5/13/2023,Full
16008,160,100,17056,3/31/2023,Partial
16008,110,215,17248,4/10/2023,Partial
16008,120,630,17342,4/12/2023,Full
19484,180,60,17100,3/29/2023,Partial
19484,160,340,17101,4/2/2023,Full
18604,125,205,13722,10/10/2022,Full
20615,22.1,6064,16516,2/22/2023,Full
19808,226,475.45,14343,11/5/2022,Full
